0.295113511105,0.342290329115,0.222860106172,0.206867506446,0.189080773605,0.195472106296,0.0
0.283042502941,0.323900450907,0.222860106172,0.193332073396,0.179324766632,0.160507536817,0.0
0.299695078134,0.319292092737,0.242231363637,0.184885008477,0.192209598286,0.193927870298,0.0
0.344668801206,0.382883053187,0.286556103531,0.198173075105,0.229233535147,0.228478432439,0.0
0.381330266975,0.3908652973,0.305539412428,0.202837235455,0.26083432039,0.267012529231,0.0
0.402877368165,0.41246831927,0.305539412428,0.182998719617,0.279553451932,0.265972575069,0.0
0.399576122382,0.41246831927,0.328186991098,0.186803904671,0.276667803488,0.279600220872,0.0
0.383078944196,0.46053655807,0.23702573013,0.246430933254,0.263495946556,0.283678211395,0.0
0.34595061249,0.46053655807,0.222339642163,0.287341856972,0.232794948274,0.190353308411,0.0
0.349371681527,0.384195565779,0.222339642163,0.230574005531,0.233993726923,0.258660918403,0.0
0.371668427825,0.367902337667,0.327505301926,0.157199556128,0.251453000122,0.250214334636,0.0
0.377278679188,0.38401838026,0.327505301926,0.168219621716,0.256545949938,0.256924741276,0.0
0.353175296301,0.38401838026,0.24645608825,0.214096584284,0.23679411484,0.22832477825,0.0
0.335260214364,0.351943259636,0.24645608825,0.186071337181,0.221108362157,0.232847481156,0.0
0.346729290159,0.351943259636,0.291587722055,0.162833752591,0.230231866142,0.218250567315,0.0
0.346774180211,0.345900002086,0.291587722055,0.174556791046,0.230497697973,0.236138248326,0.0
0.369682311824,0.428814954732,0.306309003592,0.185006634326,0.250279545629,0.257207595465,0.0
0.372523727166,0.428814954732,0.320332665277,0.183481651089,0.252711912639,0.251852581432,0.0
0.36319428104,0.397164814423,0.320332665277,0.175701794573,0.244489721784,0.238051091744,0.0
0.366957853135,0.385122064912,0.306525658679,0.18033015638,0.247825757522,0.249622219473,0.0
0.37085651424,0.398675734367,0.306525658679,0.189575336537,0.251395572401,0.243727258509,0.0
0.374981930176,0.398675734367,0.307841809335,0.186110250371,0.254906906912,0.252904101939,0.0
0.378730298305,0.392197297969,0.325502203977,0.172156304041,0.257892746458,0.260798115276,0.0
0.371311367195,0.374251575312,0.309603148508,0.169833676562,0.251381456322,0.249826881375,0.0
0.362788971237,0.374251575312,0.309603148508,0.170134731363,0.244030599194,0.24411685638,0.0
0.364235070442,0.372353152629,0.317149252465,0.167433887602,0.245221045757,0.243965649693,0.0
0.371170665593,0.394037748653,0.317149252465,0.166708274364,0.251198745781,0.254515817978,0.0
0.380536356228,0.394037748653,0.337312913417,0.1745979657,0.259524127772,0.252600779114,0.0
0.38553637367,0.403244873548,0.336363464314,0.182525939569,0.264086204198,0.262497687937,0.0
0.386964087428,0.403244873548,0.336363464314,0.180857115357,0.26531213449,0.2664573122,0.0
0.375803725062,0.386865605182,0.298507890176,0.186610894582,0.25563414955,0.2609362108,0.0
0.365852776457,0.386865605182,0.298507890176,0.181302432014,0.24689281399,0.239718351927,0.0
0.366683468198,0.384579417237,0.295459684661,0.178428163483,0.247549664726,0.251540371454,0.0
0.364349137921,0.381416969166,0.295459684661,0.178362806245,0.245536977426,0.243803188369,0.0
0.358419634144,0.371887832126,0.31480703883,0.169323260044,0.240272184458,0.238327510752,0.0
0.361261130286,0.393806338675,0.31480703883,0.169560067592,0.242708431591,0.244304817424,0.0
0.372217027189,0.393806338675,0.331000591145,0.169428876932,0.252159754199,0.249840147417,0.0
0.376427854118,0.376906847159,0.32963999683,0.173245359322,0.255901768426,0.254868915033,0.0
0.372794764272,0.380411055242,0.32395332687,0.177526162966,0.252823634143,0.251140332566,0.0
0.372179823187,0.397992078706,0.31741154837,0.180458538771,0.252349799554,0.247000680783,0.0
0.359065991969,0.397992078706,0.303783918368,0.186638125447,0.241179608694,0.242765606349,0.0
0.349211090182,0.357182244043,0.302984574483,0.175218630181,0.2325665069,0.225503539429,0.0
0.352593380221,0.357182244043,0.302984574483,0.176474145979,0.235455020046,0.237491747524,0.0
0.35982386793,0.360530934186,0.308248629466,0.177826229307,0.241642916798,0.24047929544,0.0
0.358053980846,0.367859381531,0.297421766568,0.17959654728,0.24016642951,0.237292487346,0.0
0.359345532626,0.402370925826,0.297421766568,0.186596486944,0.241417748481,0.254092865552,0.0
0.367274154586,0.402370925826,0.31318711321,0.168292329398,0.247856998646,0.241430132871,0.0
0.364620831523,0.382727359683,0.307452172562,0.167889162766,0.245561798266,0.242901731181,0.0
0.367208398661,0.407762737843,0.307452172562,0.186060859862,0.248162941158,0.244117719643,0.0
0.362589606835,0.407762737843,0.28215584067,0.189933920797,0.244269994842,0.237737139487,0.0
0.363618468215,0.3937902399,0.28215584067,0.184706845041,0.245041207563,0.25394250358,0.0
0.366974167501,0.372549918656,0.318627408781,0.170686424918,0.247644802657,0.244550703677,0.0
0.369483817204,0.362879131539,0.318627408781,0.168965594576,0.24978057159,0.250378065454,0.0
0.380564058567,0.380239503064,0.317607580625,0.170905144919,0.259474899877,0.259645860635,0.0
0.427392444608,0.548474584489,0.317607580625,0.247606142903,0.303535659565,0.285659360202,0.0
0.422621945221,0.548474584489,0.330533991213,0.262598476459,0.299569688082,0.32477013213,0.0
0.3772987941,0.434903099068,0.320741067426,0.182101267993,0.256843723992,0.254779191512,0.0
0.383891100773,0.404904632916,0.320741067426,0.179737426465,0.262577665578,0.252205963793,0.0
0.376565722391,0.404904632916,0.273947979891,0.190537252462,0.256384368679,0.268483032631,0.0
0.389316159726,0.417138603168,0.273947979891,0.2094129264,0.26803503313,0.257243541573,0.0
0.441510661498,0.443916230853,0.318746398103,0.195962561256,0.315393526642,0.329150521664,0.0
0.443993511321,0.443916230853,0.380836558157,0.172669152278,0.317237227272,0.314827694333,0.0
0.434753943923,0.445522382147,0.383185379075,0.164485610822,0.308409717871,0.309760086493,0.0
0.441141742356,0.445522382147,0.393773248359,0.156790340784,0.314250580091,0.311424461875,0.0
0.432719527655,0.417925165197,0.393773248359,0.144358432367,0.306154044256,0.304359325411,0.0
0.433301248865,0.41797220578,0.403776058244,0.143668993683,0.306684491142,0.306208097824,0.0
0.435397335931,0.464374269219,0.322289913809,0.173759292891,0.309191306667,0.315752986434,0.0
0.443366196627,0.464374269219,0.322289913809,0.186172440585,0.316924977372,0.310677264811,0.0
0.434442396571,0.477064079008,0.360471245147,0.19260318682,0.308697312488,0.297581901247,0.0
0.422878891135,0.477064079008,0.360471245147,0.177735112493,0.297659988419,0.305776063883,0.0
0.432592084297,0.454205471815,0.3576663842,0.166275383504,0.306428403169,0.301049350461,0.0
0.480191333627,0.573934277901,0.3576663842,0.258755408333,0.354183647918,0.339449518731,0.0
0.520760866512,0.573934277901,0.390747145281,0.231099354962,0.394037550175,0.417978059167,0.0
0.485179834173,0.546938841748,0.397088029044,0.201403809307,0.357572703572,0.353299096737,0.0
0.435006029392,0.423195249473,0.3539667985,0.163587364623,0.30862805026,0.304578996043,0.0
0.413018448643,0.411421315322,0.3539667985,0.158112599333,0.288248052671,0.284068666625,0.0
0.407024081894,0.448640839845,0.304352021874,0.186781300625,0.28337642406,0.293937316286,0.0
0.364323908284,0.448640839845,0.258558246928,0.229854447469,0.246723753725,0.22958857318,0.0
0.322030754335,0.333657878257,0.258558246928,0.167524632859,0.209837134404,0.215211689462,0.0
0.337307911452,0.38878893981,0.270274113979,0.179369102865,0.222669659245,0.218724970373,0.0
0.399528435835,0.423432599071,0.274146169297,0.217347506056,0.277334830874,0.280808447579,0.0
0.433262561955,0.423432599071,0.383442415242,0.161299036891,0.306958932583,0.300790221177,0.0
0.412274228982,0.400037786448,0.323190042757,0.164220007499,0.287684029785,0.292393445282,0.0
0.436986299907,0.464658031528,0.323190042757,0.195663474936,0.311142680264,0.311218249546,0.0
0.448063425737,0.464658031528,0.369874860423,0.187895193065,0.321399821592,0.315379862405,0.0
0.410527612742,0.421235179448,0.294952241173,0.18322731966,0.286476575003,0.294213453505,0.0
0.360365545274,0.38860192876,0.239469657018,0.226371025143,0.24323485266,0.223723130721,0.0
0.367786828481,0.384882108664,0.239469657018,0.228131668416,0.249664169544,0.262533098295,0.0
0.387287073848,0.381780272604,0.308237392556,0.179837479104,0.265576483953,0.275472746846,0.0
0.390954194534,0.422209453139,0.308237392556,0.190367472354,0.269050349265,0.254411510845,0.0
0.415826680352,0.422209453139,0.352734349268,0.156685415243,0.290784144143,0.290593720131,0.0
0.402928884963,0.452495826754,0.286409605421,0.187755794325,0.27970137234,0.282376019454,0.0
0.425458244056,0.452495826754,0.286409605421,0.219323756282,0.300988990305,0.300321458995,0.0
0.45353571971,0.447544889823,0.377235544313,0.171742219673,0.326264079162,0.321033502834,0.0
0.436144968776,0.440803879041,0.348438214461,0.180852938687,0.310034844743,0.296595582887,0.0
0.427508089459,0.435190905897,0.348438214461,0.173342312146,0.301846148789,0.317336172458,0.0
0.432636043374,0.418094165418,0.385776176534,0.156709078405,0.306291080842,0.306374172467,0.0
0.45634018652,0.484907023732,0.385776176534,0.174944061533,0.329004401306,0.326692075719,0.0
0.452881114397,0.491768785993,0.349817621585,0.215208063839,0.32660822727,0.339869233313,0.0
0.452186361842,0.491768785993,0.349817621585,0.219609140443,0.326056876251,0.298284021133,0.0
0.141890624337,0.0924762144396,0.157473369476,0.0687819402629,0.0782033500161,0.0788627987829,0.0
0.142833586363,0.0950869642999,0.157473369476,0.0717547252707,0.078822364283,0.0744149292076,0.0
0.15460035121,0.0957119200047,0.179264501547,0.0671745088186,0.0862794857488,0.0937563592621,0.0
0.159436860208,0.104998648379,0.193510647639,0.056089073945,0.0893206815869,0.0860983745399,0.0
0.168210398182,0.125181467425,0.201418762883,0.058233128868,0.0950607762932,0.0977237704623,0.0
0.160909924458,0.125181467425,0.180628958358,0.0751928553829,0.0904246106901,0.0895778061168,0.0
0.139397893214,0.0969323838096,0.167350524596,0.0697773255756,0.0766446371039,0.0776107112307,0.0
0.134962105677,0.0776537318026,0.167350524596,0.062712180938,0.0738170886119,0.0740096847924,0.0
0.141964003336,0.0823587132511,0.182431822729,0.0655472644668,0.078223919248,0.0803847910165,0.0
0.157826843809,0.11777299875,0.177633828391,0.0821908571624,0.0884915081046,0.0886408048664,0.0
0.159717315207,0.11777299875,0.163955322142,0.0872614429572,0.089765628863,0.0831491478392,0.0
0.157456056179,0.108326607828,0.163955322142,0.0826947659673,0.0882567811364,0.0954111845118,0.0
0.165897535615,0.115714336512,0.182963795476,0.0723667871495,0.0936527736078,0.0960514450544,0.0
0.143828013499,0.115714336512,0.141888951641,0.0990593368275,0.0797232489085,0.0781860174964,0.0
0.11652631796,0.0618390980953,0.141888951641,0.0766965229654,0.0626286214534,0.0643394361071,0.0
0.112795199214,0.0649441714125,0.146675399187,0.0736373124413,0.060356811778,0.0573899117157,0.0
0.123046814273,0.0789093028054,0.1477807258,0.0802105466721,0.0666185897783,0.0661366282455,0.0
0.132987164362,0.0789093028054,0.154152169463,0.0724058777594,0.0726666674142,0.0740164481821,0.0
0.139733550299,0.100915525391,0.174476017159,0.070798936164,0.0768637078906,0.0766130829539,0.0
0.139045933051,0.100915525391,0.159974359028,0.0810450026435,0.0765238248955,0.0809156520242,0.0
0.127895205191,0.0937186592117,0.159974359028,0.0817634043957,0.0696046246771,0.0687754316364,0.0
0.111753421324,0.0775959884199,0.11499892954,0.0966466418635,0.0599620253609,0.0651931493207,0.0
0.109677855723,0.0943700166888,0.11499892954,0.109242902154,0.0588728119722,0.049175720298,0.0
0.111458627507,0.0943700166888,0.114967497832,0.110347367179,0.0599507343981,0.0696126606789,0.0
0.845942408253,0.706186437856,0.776407159643,0.0576314969049,0.778453031324,0.783465173846,1.0
0.86627327882,0.724535372068,0.867104452704,0.0278845053542,0.806155140063,0.802788304691,1.0
0.878000399045,0.736319288171,0.859791632003,0.0264338033638,0.822412549477,0.827000098593,1.0
0.891376693119,0.888626699899,0.859791632003,0.119682156107,0.841937689375,0.851906456645,1.0
0.912395055575,0.888626699899,0.867115836766,0.139960605956,0.872037506607,0.852520878778,1.0
0.910980083776,0.828932375342,0.867115836766,0.0892640808324,0.869342337739,0.856020413535,1.0
0.898106149782,0.845363258234,0.878263436449,0.0859526802734,0.851023341386,0.867614292041,1.0
0.8777006401,0.845363258234,0.863643732332,0.0984951253089,0.822528120737,0.80722282965,1.0
0.851888930421,0.708457726982,0.851128966626,0.0205610862022,0.786380211935,0.782539088313,1.0
0.84907752555,0.736478631314,0.851128966626,0.0247440624374,0.782556699192,0.777554039146,1.0
0.861163989586,0.931461232678,0.718938533149,0.178323583679,0.800921049032,0.829751641188,1.0
0.835065681771,0.931461232678,0.718938533149,0.204761515481,0.765962369374,0.730907883727,1.0
0.817936940383,0.759781600247,0.79522848444,0.0776635230599,0.740943800496,0.74278877777,1.0
0.825382307182,0.759781600247,0.79522848444,0.0624839549483,0.750753588504,0.750809152059,1.0
0.810519031148,0.673828951773,0.816117151675,0.0188678560743,0.730762224355,0.726394255204,1.0
0.806367680361,0.657332132542,0.816117151675,0.00747822964293,0.725258939834,0.723887353998,1.0
0.80886840291,0.661944390844,0.822110514304,0.00733981653008,0.728559377304,0.726902509743,1.0
0.811353444418,0.662161075926,0.826332830045,0.0047584563111,0.731843128308,0.731418794769,1.0
0.811692423194,0.662161075926,0.826344936392,0.0041530819606,0.732291410662,0.730519803479,1.0
0.811200075121,0.661517259468,0.826053257533,0.00330064541392,0.731639003672,0.730755778987,1.0
0.810804183211,0.659847736919,0.826053257533,0.00384330987815,0.731115481816,0.729198012131,1.0
0.808634660111,0.659847736919,0.815841075773,0.011326030127,0.728256048478,0.729169602864,1.0
0.803403354155,0.65835307053,0.815482051454,0.0136875254113,0.72136422398,0.716410359283,1.0
0.79863933655,0.651234570136,0.81383851199,0.00660247120369,0.715098628879,0.715016311438,1.0
0.790595153509,0.650375080957,0.752857143411,0.0648561679886,0.704844024712,0.712441351689,1.0
0.754781107349,0.650375080957,0.751804393647,0.106753454129,0.659292067737,0.644533858484,1.0
0.725755932799,0.580160556673,0.751804393647,0.000277291286776,0.622329618925,0.621130531402,1.0
0.726025008735,0.582813557682,0.746329827844,0.00229475610043,0.622662885925,0.621488550851,1.0
0.729302583835,0.586052617546,0.746329827844,0.00839042935493,0.626722784422,0.625674977318,1.0
0.734497143257,0.59159926494,0.756777256503,0.00628614149514,0.633168795274,0.630848671986,1.0
0.739445189998,0.601725134101,0.758318310841,0.0119109948095,0.639344745909,0.63774531725,1.0
0.744657372618,0.607061271757,0.764146811014,0.010437100044,0.645867551799,0.647387672471,1.0
0.745960040862,0.607061271757,0.767768567352,0.00452132563298,0.647495912286,0.645291298374,1.0
0.744781133064,0.597885479175,0.768555218439,0.000543310459313,0.646013609279,0.645070677374,1.0
0.74595939209,0.605226935162,0.768046950791,0.00614470631213,0.647496581088,0.645092615939,1.0
0.748769358611,0.615560881331,0.768046950791,0.0134289493546,0.651040191651,0.648562967888,1.0
0.757682275096,0.618263276894,0.768895869786,0.0243672546348,0.662328334162,0.663595452676,1.0
0.766397799637,0.619326743322,0.78481123217,0.00327178501116,0.673380263835,0.672624696976,1.0
0.767903107038,0.621161607155,0.786569161514,0.00306690060599,0.675303780331,0.67305354253,1.0
0.768803379608,0.621727556077,0.786569161514,0.00388305118757,0.676455947416,0.67613270383,1.0
0.769084175628,0.621727556077,0.789555909264,0.00158471778067,0.676813879346,0.675586181176,1.0
0.769182701684,0.620616898661,0.790072087541,0.000767222762186,0.676939628399,0.675159974458,1.0
0.770145662769,0.621462424812,0.791094296001,0.00132355357433,0.678172956313,0.677116456576,1.0
0.771020193575,0.623155727716,0.79147049128,0.00106215473215,0.679293526079,0.677933482386,1.0
0.773545807117,0.630475483855,0.793164660174,0.00613321042343,0.68253811573,0.681418556121,1.0
0.777055084828,0.630475483855,0.795954791912,0.00488133473011,0.68705114611,0.68483735467,1.0
0.77986341516,0.631584689729,0.798256895594,0.00421248465667,0.690672315545,0.689981568261,1.0
0.781921585287,0.631619592923,0.801553094169,0.000775548609748,0.693329759984,0.692439461671,1.0
0.783161661262,0.633379369794,0.803584057736,0.000840514837251,0.694934278683,0.693238135716,1.0
0.7840816899,0.633767378986,0.804002655412,0.000503673955402,0.696125573538,0.694711461513,1.0
0.783463689722,0.633767378986,0.798225950026,0.00294721748457,0.695326408827,0.694719828732,1.0
0.782968142941,0.632844132423,0.798225950026,0.00249045284287,0.69468460835,0.692776378275,1.0
0.783609716961,0.633383029824,0.803447568115,0.000750695149786,0.695514359317,0.69395636754,1.0
0.784461388049,0.634849236904,0.804587156927,0.00108135068065,0.696617763168,0.69504291676,1.0
0.785089692537,0.635112991009,0.804765093806,0.000684223580944,0.697431996644,0.695864210862,1.0
0.785420307972,0.635216284053,0.805176843257,0.000728035611728,0.697860715827,0.696611616233,1.0
0.785811439248,0.63529010324,0.805176843257,0.000758584764111,0.698368046389,0.697153014607,1.0
0.786354754564,0.636071375398,0.805324893739,0.000681475539583,0.699072987913,0.697742372742,1.0
0.786690415808,0.638817303557,0.806499797939,0.00129410832636,0.699508931729,0.698183968054,1.0
0.796237704465,0.68174657764,0.801805465134,0.0405458518411,0.712055442212,0.710694628924,1.0
0.787816264488,0.68174657764,0.704881496541,0.10555179465,0.701635347438,0.71337416275,1.0
0.766808608557,0.661750830899,0.704881496541,0.102098381471,0.674526353826,0.648958763177,1.0
0.77309614434,0.642808518318,0.711393049063,0.0601910192503,0.682180728273,0.68796643508,1.0
0.782336466263,0.632168194438,0.803048072701,2.8012117192e-06,0.693866109832,0.692366132152,1.0
0.782530682668,0.631792209967,0.802857022051,0.000144719104456,0.694117424303,0.692577533277,1.0
0.782688668824,0.631792209967,0.801619978768,0.000211317795919,0.694321869764,0.693138854449,1.0
0.782535292992,0.631659809506,0.801619978768,3.04705549862e-05,0.694123352775,0.692598368536,1.0
0.782418733799,0.631659809506,0.80277879759,-2.92064841149e-05,0.693972529366,0.692596199688,1.0
0.782842235367,0.633739757568,0.80277879759,0.00119892011871,0.694520984101,0.692631575488,1.0
0.783791004261,0.633739757568,0.803690905136,0.00123895185047,0.695749343874,0.695215100504,1.0
0.783807496861,0.633291834243,0.80381413114,0.000352301036275,0.695770351114,0.694255382651,1.0
0.78313275703,0.632298791136,0.801882918799,0.000194969000542,0.694896624991,0.693341665863,1.0
0.782924767878,0.632028352498,0.801882918799,-0.000124796101758,0.694627310031,0.693219812579,1.0
0.783062826862,0.633058988583,0.803970870594,-0.000170320089887,0.694805990898,0.693555243092,1.0
0.782551635281,0.633058988583,0.796474536872,0.00390441383895,0.69414655863,0.69369029655,1.0
0.777823595427,0.633002301315,0.79283603971,0.0117671975424,0.688050063236,0.686298526708,1.0
0.775677333072,0.630272959789,0.79283603971,0.00690711133562,0.685279318321,0.681952345002,1.0
0.7785384926,0.630356800306,0.795663160487,0.00457390565557,0.688962922131,0.688730179119,1.0
0.779441350753,0.630356800306,0.799496608095,0.000846412367672,0.690125478511,0.688742707552,1.0
0.778775249338,0.630357022358,0.788886629367,0.00588937035422,0.689269487786,0.688608677811,1.0
0.776631169163,0.630357022358,0.788886629367,0.00970198957846,0.686510637685,0.685164879129,1.0
0.772548364259,0.62908028312,0.785547785298,0.00991609273482,0.681261987351,0.677876399213,1.0
0.770921547508,0.624916745562,0.785547785298,0.00743561539962,0.679172117094,0.676968255696,1.0
0.766079950519,0.729763877915,0.760581954503,0.0435560245062,0.673093854412,0.673443406632,1.0
0.752490847248,0.729763877915,0.71247535265,0.0771944277322,0.656079768501,0.661676324707,1.0
0.753607220407,0.632317164577,0.71247535265,0.0668489590409,0.657402337885,0.651428075658,1.0
0.765140703488,0.621462452159,0.781304711431,0.00906924843968,0.671781452818,0.670727032037,1.0
0.771707661106,0.631430563716,0.787807437531,0.0143625656695,0.680190802461,0.677939905698,1.0
0.773868807201,0.631430563716,0.790328198213,0.0121739532605,0.682961218692,0.684807450976,1.0
0.777108162364,0.657531420446,0.791005297107,0.0317253023206,0.687183566747,0.679856861479,1.0
0.786502066871,0.657531420446,0.795670570368,0.036513379682,0.699350869397,0.709984988395,1.0
0.787523356269,0.655466255802,0.801918255747,0.0213579152927,0.700622570535,0.694875132893,1.0
0.78418046073,0.633828051159,0.804578201681,-1.8841821197e-05,0.696253356864,0.694843238347,1.0
0.783814391552,0.634894387856,0.799704320872,0.00256110626437,0.695780328838,0.695224990572,1.0
0.782359724631,0.634894387856,0.799704320872,0.00344517096153,0.693897936515,0.69174362735,1.0
0.780986003937,0.630863267167,0.801476539047,0.000442093903341,0.69212017168,0.690952870134,1.0
0.781380269758,0.644903579046,0.801268036608,0.00587794944485,0.692633372837,0.689697786179,1.0
0.782649020044,0.644903579046,0.801268036608,0.00577287732863,0.694274171182,0.694131296299,1.0
0.783459293874,0.633024839053,0.803346649375,0.000401464367748,0.695319446428,0.693902383414,1.0
0.786738770138,0.640593807074,0.803606490052,0.0087964257847,0.699578317785,0.697006599692,1.0
0.790420755552,0.640593807074,0.804037321822,0.00468216014848,0.704360940363,0.704501348063,1.0
0.792273098507,0.643285441862,0.8056525278,0.00356794612281,0.706773664032,0.705442550572,1.0
0.790317072589,0.643285441862,0.8056525278,0.00798566176159,0.704229342152,0.702477000963,1.0
0.786621132035,0.636120192396,0.806195676386,0.000517586879683,0.699418672765,0.697708914145,1.0
0.79464735858,0.677775532974,0.806195676386,0.0328231715245,0.709941948813,0.705034785369,1.0
0.787305921895,0.677775532974,0.763574585636,0.0586457023735,0.700520913357,0.695797258974,1.0
0.774384913291,0.644817435422,0.763574585636,0.0281178806019,0.68366586297,0.68596440755,1.0
0.778258138007,0.633212706042,0.797519329651,0.00398246665779,0.688600914511,0.686185181568,1.0
0.780432560763,0.633212706042,0.797519329651,0.00462850138456,0.691407638969,0.691147812199,1.0
0.781277823739,0.631399769031,0.80158359882,0.000379510051578,0.692497298797,0.691279281634,1.0
0.781589325344,0.634361944185,0.799729224047,0.00292529324057,0.692901246586,0.690484877556,1.0
0.790501063107,0.687544972466,0.799729224047,0.0598177427374,0.704684306809,0.693933544153,1.0
0.821124165028,0.688997027282,0.800895568639,0.0861415269079,0.745271244772,0.756368166155,1.0
0.844193337135,0.690614826465,0.856563587415,0.00278535410503,0.775871670964,0.774405289766,1.0
0.844864904398,0.690614826465,0.855501439331,0.00317938755605,0.776783990388,0.775903119813,1.0
0.84192905882,0.705877362705,0.850625097366,0.014324622361,0.772814734559,0.771137791572,1.0
0.836633123379,0.705877362705,0.845667182559,0.0142547299946,0.765650922751,0.764513900439,1.0
0.833092244159,0.683206748295,0.845667182559,0.00669997580355,0.760866165151,0.757058581691,1.0
0.833252094644,0.682179768959,0.845667559333,0.00503914879684,0.761079759479,0.760408918975,1.0
0.835417210607,0.682179768959,0.847817036269,0.00382590557789,0.763996371094,0.762099517128,1.0
0.835585650196,0.682136840716,0.848333617192,0.00337915392815,0.764223234996,0.762837071362,1.0
0.83394400377,0.681492892996,0.846749161657,0.00408708262075,0.762010824649,0.759619594814,1.0
0.833884900732,0.683379582469,0.84606974283,0.00530554202389,0.761932232563,0.759798377283,1.0
0.835026600369,0.683666348496,0.84606974283,0.00462010090422,0.763470272636,0.763177611926,1.0
0.837469668329,0.68915781431,0.848952450386,0.00913761166811,0.766772189901,0.762869106405,1.0
0.842034089828,0.6896276568,0.849386148654,0.00912152724318,0.772948572828,0.77316933652,1.0
0.843463957844,0.6896276568,0.855620351034,0.00359283167317,0.774882162081,0.773311242948,1.0
0.843330677317,0.689552041507,0.855842545071,0.00274308287267,0.774700739555,0.773311513134,1.0
0.844024137675,0.689552041507,0.856377086077,0.00213587263292,0.775641570233,0.774109327237,1.0
0.843660897667,0.689970152974,0.854768446418,0.00259416588472,0.775148771823,0.773218694502,1.0
0.84291887801,0.689970152974,0.854768446418,0.0034926768922,0.774142565756,0.772902238911,1.0
0.836879097793,0.729780585419,0.809424792542,0.042668414821,0.766083545422,0.769934302567,1.0
0.826269270415,0.729780585419,0.809424792542,0.0421977022792,0.751814240478,0.742248306693,1.0
0.823642685445,0.675427340544,0.834074385735,0.00793907737745,0.74819228863,0.747912435308,1.0
0.83054764571,0.684305219646,0.83791838031,0.0156367068275,0.75745791624,0.753754848068,1.0
0.836444912276,0.684305219646,0.83791838031,0.00976130121948,0.765389358319,0.765813082575,1.0
0.83813188127,0.68389265784,0.851258052295,0.00203007962489,0.767660233815,0.766153945284,1.0
0.838762272285,0.685146197559,0.851795759493,0.00276581786588,0.768512829799,0.76652763304,1.0
0.839088124116,0.685792563786,0.85199169742,0.00317554805715,0.768953746043,0.767308157518,1.0
0.839117728214,0.685792563786,0.851910761159,0.00260271442581,0.76899342043,0.76744947444,1.0
0.839630121093,0.6886620858,0.851910761159,0.00432631007875,0.76968778045,0.76786763326,1.0
0.838844268312,0.6886620858,0.851448823734,0.00540143856515,0.768625738712,0.767341598155,1.0
0.837034556589,0.685646577677,0.850696959797,0.00271077169892,0.766178234485,0.76426166433,1.0
0.836563329263,0.682498001844,0.850696959797,0.00200294809194,0.76554162151,0.764189899656,1.0
0.836584829054,0.682498001844,0.850885920135,0.00200962357373,0.765570647228,0.763463507273,1.0
0.836767323594,0.683512588377,0.850885920135,0.00270441427506,0.765817410844,0.764622982273,1.0
0.836954641743,0.684305457559,0.85070253001,0.00302359234873,0.766070523792,0.764316868832,1.0
0.836911576214,0.684305457559,0.850341882708,0.00305485807458,0.766012395187,0.764508468716,1.0
0.836943911454,0.687964131844,0.850341882708,0.00415148080057,0.766056843363,0.764251737913,1.0
0.838590871039,0.687964131844,0.85079766832,0.00539652878924,0.768283118488,0.766877510657,1.0
0.839244417047,0.688234578686,0.847727618558,0.00577167238402,0.769167261057,0.766429612746,1.0
0.839640509174,0.688234578686,0.847727618558,0.00614676855605,0.769703480147,0.768524763368,1.0
0.840351504801,0.686101975297,0.852330566235,0.00295430069496,0.770663117307,0.76962415897,1.0
0.839987851289,0.685947775448,0.852330566235,0.00300420668052,0.770170910529,0.768371015209,1.0
0.840056114375,0.685957162344,0.852830501202,0.00326230782208,0.770263471715,0.768806749334,1.0
0.840042700472,0.688106885619,0.852753021664,0.00370086821644,0.770245625564,0.768645920992,1.0
0.840160538792,0.688106885619,0.852753021664,0.00378179652246,0.770405182697,0.768518860953,1.0
0.840267289759,0.686890482195,0.853343762852,0.00367515185499,0.770549606758,0.769202389805,1.0
0.840347119052,0.687307806636,0.853453116147,0.00332885764895,0.770657429632,0.768988316684,1.0
0.840292892501,0.687307806636,0.853453116147,0.00299999015006,0.770583800685,0.768912347652,1.0
0.840424352662,0.686363777421,0.85365813599,0.00308736532256,0.770761827755,0.768907285509,1.0
0.84010437127,0.686240220758,0.852717730532,0.00364724974686,0.77032905789,0.768784412418,1.0
0.839679663057,0.686096363833,0.852717730532,0.00307704937161,0.769753903239,0.76827408196,1.0
0.839653743059,0.685709790322,0.853778266413,0.00243188805039,0.769718431014,0.768281551873,1.0
0.839559028838,0.685709790322,0.853473808512,0.00270898806429,0.76959044762,0.767799340098,1.0
0.839560413717,0.686391111703,0.852639580994,0.00282152699066,0.769592391147,0.767796655091,1.0
0.839220215226,0.686391111703,0.852639580994,0.00292196080827,0.769132238987,0.767732206341,1.0
0.839447145916,0.687013010637,0.851404626406,0.0038086031025,0.769439827138,0.767080320424,1.0
0.840123407866,0.687013010637,0.851404626406,0.00356170081422,0.770354763178,0.769292051074,1.0
0.839823015595,0.686331055369,0.852167034076,0.00374346545392,0.769948346681,0.76843341438,1.0
0.839005474564,0.686077093432,0.851537974092,0.00465472183376,0.768843082189,0.767658095153,1.0
0.840031322004,0.687403952447,0.851537974092,0.00522383957311,0.770231467113,0.767948033112,1.0
0.841625724498,0.689210434634,0.853259739095,0.00399498600586,0.772389709506,0.770221700505,1.0
0.841669041338,0.689210434634,0.853259739095,0.00433872381869,0.7724486784,0.771314016219,1.0
0.835270079505,0.687415800511,0.822244828988,0.033646244439,0.763870562736,0.768842434517,1.0
0.825610990508,0.756124756525,0.809085497903,0.0659041488268,0.751085625795,0.741939918874,1.0
0.827319595344,0.756124756525,0.809085497903,0.0599117060301,0.753329489125,0.749138689989,1.0
0.833048389646,0.680150604097,0.845007281037,0.0028485160004,0.760803850103,0.759491301923,1.0
0.835325839465,0.684672649096,0.848709789832,0.00421748062702,0.763873445872,0.761594013312,1.0
0.837925864575,0.684672649096,0.850963997444,0.00347776434291,0.767382727461,0.766368660646,1.0
0.839196481567,0.685370440068,0.852003300863,0.00198626400477,0.76909958702,0.767505825489,1.0
0.839349911464,0.685370440068,0.852003300863,0.00149843522204,0.769306879176,0.767925638298,1.0
0.83949165633,0.686048533489,0.85311982563,0.00139187457279,0.769498584531,0.767919708065,1.0
0.839712437941,0.686048533489,0.853656811622,0.00133450191175,0.769797276759,0.768203936101,1.0
0.839877332452,0.685366520247,0.853214187215,0.00150079788783,0.770020490831,0.768316753675,1.0
0.839959882193,0.686530155677,0.853214187215,0.00176821398352,0.770132340093,0.768614466426,1.0
0.840028172013,0.686530155677,0.854571788901,0.00189116320716,0.770224829111,0.768399402597,1.0
0.840504704775,0.686150311547,0.854603759681,0.00167113681502,0.770869796394,0.769559835571,1.0
0.84106058144,0.688043326223,0.855485191709,0.00196988572437,0.771622735889,0.769363547504,1.0
0.841054620102,0.688043326223,0.853660011773,0.00284678035952,0.771615171853,0.770520547861,1.0
0.840970766282,0.687196980776,0.853660011773,0.00228970239718,0.771501259737,0.769231154378,1.0
0.841060743039,0.687773864396,0.855360994934,0.00256043035872,0.771623288936,0.770639805185,1.0
0.841415575148,0.688939501576,0.85361959404,0.00397369548603,0.772104942077,0.769734131805,1.0
0.841304292875,0.688939501576,0.85361959404,0.00361847262974,0.77195391074,0.770625292677,1.0
0.841141778383,0.687312284321,0.854905054084,0.00285884377697,0.771733239687,0.770207848848,1.0
0.841249084847,0.687604011517,0.853997744877,0.00314428607326,0.771878789135,0.770106448127,1.0
0.841028019843,0.687604011517,0.853997744877,0.00317199036008,0.77157935308,0.770036088993,1.0
0.841221652235,0.687518192221,0.854096111366,0.00272655740418,0.771841358378,0.77016695332,1.0
0.841151665626,0.687518192221,0.85416408532,0.00257425467711,0.771746457814,0.770533479034,1.0
0.841185258604,0.686731326101,0.85416408532,0.00228808912245,0.771791797011,0.769859511658,1.0
0.841292260881,0.687853857833,0.855364895807,0.00201206832031,0.771936600488,0.77021237591,1.0
0.841319855092,0.687853857833,0.855364895807,0.00219062430699,0.771974081977,0.770479358836,1.0
0.841608966924,0.687335550565,0.854756646234,0.00214823568937,0.772365786975,0.770607406047,1.0
0.841821955544,0.687702319875,0.854756646234,0.00213095304782,0.772654419307,0.771081841856,1.0
0.841769130507,0.687702319875,0.855373472663,0.00252642692142,0.772583052568,0.771194353101,1.0
0.841790566728,0.688016630204,0.855373472663,0.00277930710794,0.772612259063,0.770950460372,1.0
0.842200218314,0.688470237734,0.855645648231,0.00281396400271,0.773167559014,0.771565619874,1.0
0.842560083755,0.688470237734,0.855439803151,0.00276970726541,0.773655467882,0.771773668337,1.0
0.842330885928,0.687842922589,0.855439803151,0.00220289647897,0.773344350658,0.771782994054,1.0
0.842301242024,0.687731614887,0.855990904949,0.00196654519765,0.773304030333,0.771661668782,1.0
0.842766780116,0.688332388247,0.856260524493,0.00188076223606,0.773935276459,0.772011420237,1.0
0.842684203046,0.688332388247,0.856303310671,0.00193196561285,0.77382330787,0.772533007424,1.0
0.842466740749,0.688100982644,0.855917198538,0.00219862564155,0.773528554857,0.771714486209,1.0
0.842176454355,0.688100982644,0.855210766819,0.00242073319931,0.773135103543,0.771838545509,1.0
0.842231293438,0.687895144204,0.855210766819,0.00278192040809,0.773209667098,0.770885919174,1.0
0.842722375454,0.689576533413,0.856055514892,0.00276702590965,0.773875558735,0.772618301104,1.0
0.842882831341,0.689576533413,0.856235950659,0.00277250814674,0.774093193026,0.772452857366,1.0
0.842237027825,0.688201064137,0.853650711555,0.00369300908188,0.773218057846,0.771813259108,1.0
0.841562894584,0.688201064137,0.853650711555,0.00254153779657,0.772303581965,0.77052833543,1.0
0.841811084449,0.687453349735,0.855819229305,0.00184492719194,0.772639532748,0.770940275854,1.0
0.841675302703,0.687453349735,0.854998791486,0.0023108745783,0.772455771559,0.770627511426,1.0
0.841721552089,0.687525644091,0.854998791486,0.00233359490711,0.772518461022,0.771118640862,1.0
0.842178539694,0.688003250746,0.855372174708,0.00228005049753,0.773137850204,0.771425896167,1.0
0.842074843066,0.688003250746,0.855143515688,0.00261402643757,0.772997472538,0.771311089406,1.0
0.84167260008,0.688115284766,0.854573376849,0.00286398780627,0.772452442555,0.771488295445,1.0
0.8414917952,0.688115284766,0.854573376849,0.00262889462017,0.772207295209,0.770396326078,1.0
0.841599439714,0.687683606792,0.855017789718,0.00242513627672,0.772353034723,0.771133747045,1.0
0.841735384841,0.687492255883,0.855872305877,0.0021324297301,0.772537094586,0.770727087874,1.0
0.844028561446,0.692744483016,0.856481427582,0.00602933305479,0.775650581911,0.773602009194,1.0
0.845933591604,0.692744483016,0.858118738692,0.00350028840716,0.778236573866,0.776655215665,1.0
0.845444563439,0.691787624551,0.859263995819,0.00236847766638,0.777571103803,0.776173126061,1.0
0.845221634106,0.691376570074,0.858373547097,0.00212457834701,0.777268017204,0.775417096893,1.0
0.845473732052,0.691376570074,0.858118777501,0.00291410768348,0.77761107758,0.775983126782,1.0
0.845497015373,0.690748606274,0.858118777501,0.00281248900288,0.777642658464,0.775992680601,1.0
0.845457440856,0.691001204176,0.858396781472,0.00275763272082,0.777588838487,0.776028906601,1.0
0.845620301122,0.691001204176,0.858361769013,0.00254422788777,0.777810061158,0.776070449311,1.0
0.845444359658,0.690828836531,0.858361769013,0.0020329252841,0.777570639357,0.776245063744,1.0
0.845256979126,0.690828836531,0.858382073285,0.00178476919021,0.777315865123,0.775426608896,1.0
0.84512859588,0.691368868258,0.858423113583,0.00228757638904,0.77714168938,0.775556762346,1.0
0.844423245523,0.692100085722,0.855964866063,0.00468795124841,0.776185254753,0.775958399836,1.0
0.842701867833,0.692100085722,0.854677521073,0.00511446555255,0.773849520475,0.7709969248,1.0
0.84133962126,0.687031682153,0.85426301724,0.0021709786585,0.772000850489,0.770328230243,1.0
0.841354254877,0.687343184015,0.85426301724,0.0015204920813,0.772020339348,0.770625478766,1.0
0.841540394305,0.687343184015,0.855223899455,0.00164388554821,0.772272603432,0.770452973252,1.0
0.841918261396,0.687954305767,0.855223899455,0.00185488016524,0.772784800671,0.771271234932,1.0
0.842028219389,0.687954305767,0.855549577959,0.00181254874544,0.772933822744,0.771279632631,1.0
0.841934909059,0.688546480351,0.855549577959,0.0025137433489,0.772807731431,0.771763315244,1.0
0.842011097029,0.688546480351,0.856091714808,0.00213794839568,0.772910786948,0.770947478591,1.0
0.841650786002,0.687532878285,0.855734934422,0.00148358780339,0.772422114245,0.77067607106,1.0
0.841425709542,0.687890941623,0.855734934422,0.00182811503409,0.77211730348,0.770594040407,1.0
0.841604921602,0.687890941623,0.854533265279,0.00231163677177,0.772360396546,0.771000825632,1.0
0.84206303743,0.687557071022,0.854533265279,0.00224205890266,0.772981251947,0.771118606481,1.0
0.842042637938,0.687754420073,0.856474108256,0.00162743636622,0.772953274448,0.771323749325,1.0
0.842028019767,0.688389464926,0.856649028789,0.00202719439675,0.772933664833,0.771116644142,1.0
0.841944294276,0.688389464926,0.855674138032,0.00220681527015,0.772820275754,0.771240063312,1.0
0.841515234179,0.686954166838,0.85542036023,0.00230755403087,0.772238864661,0.771104933719,1.0
0.841228764966,0.687109370843,0.85393167689,0.00276479649655,0.771851017421,0.769679778919,1.0
0.840937615918,0.687109370843,0.85393167689,0.00270970693788,0.771456609349,0.77004052903,1.0
0.841453042343,0.688210233903,0.85495753612,0.00285805128329,0.772154929305,0.770277147677,1.0
0.841837906312,0.688210233903,0.854747895275,0.00240025135122,0.772676189667,0.771391940119,1.0
0.842305429932,0.688796490198,0.854747895275,0.00307659715423,0.773310368232,0.771254588812,1.0
0.843131130523,0.688796490198,0.855962475518,0.00246750737857,0.774429834047,0.773247202469,1.0
0.84317180415,0.688791729205,0.856218670278,0.00160168060103,0.774484548618,0.772669252808,1.0
0.843792591315,0.691974184934,0.856394952371,0.00372849849892,0.775328275116,0.773061605266,1.0
0.845226432764,0.691974184934,0.856394952371,0.00432136767198,0.777276019248,0.776330268654,1.0
0.845431473329,0.691720142052,0.857009438384,0.0033998172938,0.777553969327,0.776311989916,1.0
0.849342479525,0.749276455214,0.84126644105,0.0495778476968,0.783030212384,0.776379427153,1.0
0.850806702173,0.749276455214,0.84126644105,0.0504346191665,0.785032334542,0.785165965547,1.0
0.849942478053,0.696847593424,0.845804612767,0.0133739030692,0.783707765898,0.783803551253,1.0
0.852325046214,0.697136778506,0.865835967956,0.00095016589958,0.786945939765,0.785807101686,1.0
0.852557990524,0.69727971769,0.865388565693,0.000847941317139,0.787264173013,0.785931767046,1.0
0.852984749024,0.69727971769,0.865388565693,0.00141816220317,0.787847654105,0.786038623069,1.0
0.851967455634,0.69718139894,0.863566516374,0.0031392551432,0.78645865254,0.784257689351,1.0
0.850442399889,0.694991389075,0.863566516374,0.000515136766142,0.784375545328,0.782957607737,1.0
0.85058594492,0.694944065185,0.86459181772,0.00023417505474,0.784571287789,0.782957607737,1.0
0.851080346844,0.695672938523,0.864615557154,0.00078789754944,0.785246175384,0.783287080474,1.0
0.851348119295,0.696349691428,0.864736402854,0.000848794547694,0.785611720652,0.784168642665,1.0
0.851044590698,0.696349691428,0.864736402854,0.000617738353216,0.785197306399,0.783750123241,1.0
0.851274150341,0.696801741312,0.865205538866,0.000785639356977,0.78551071727,0.783741218573,1.0
0.851873188781,0.696939819962,0.865602666912,0.000846022928731,0.786328677031,0.78496115817,1.0
0.851594235108,0.696939819962,0.864005452819,0.00109241486093,0.785947846495,0.783972739956,1.0
0.850641813008,0.695075580172,0.864003636328,0.00136022155011,0.784647965644,0.782913084394,1.0
0.850264471709,0.6948539022,0.864003636328,0.000844368415196,0.784132952435,0.782245234249,1.0
0.850205423329,0.695746967183,0.863330937978,0.00169815718077,0.784052795524,0.78331379448,1.0
0.850570185457,0.699364195941,0.863330937978,0.00418014332635,0.784551993282,0.781577384105,1.0
0.851997341937,0.699364195941,0.864140436424,0.00530068302844,0.786501175052,0.786955803934,1.0
0.852377762528,0.698050708727,0.864140436424,0.00391911515404,0.787019698757,0.78382136059,1.0
0.848822701811,0.697301243067,0.851740529544,0.0102901058346,0.782176256647,0.780713631251,1.0
0.847489021419,0.697169072315,0.851740529544,0.00836656454726,0.780357322623,0.778068944679,1.0
0.852521028326,0.701735523354,0.861972615625,0.00953753291756,0.787221471868,0.786127669755,1.0
0.854806829602,0.701735523354,0.865757793624,0.00427331134766,0.790341740815,0.789288827106,1.0
0.853727091285,0.698390465895,0.866324118909,0.0026194823265,0.788863277703,0.786635235865,1.0
0.852927175829,0.698702132929,0.859463224451,0.00501939829615,0.78777138925,0.786848947911,1.0
0.851144140411,0.698702132929,0.859463224451,0.00598868532291,0.785336855922,0.782824037708,1.0
0.849541332989,0.696601764828,0.861273677335,0.00311380708808,0.783148030132,0.781274625373,1.0
0.848955895596,0.694021343671,0.861801974895,0.0015159838285,0.782349162666,0.780642393903,1.0
0.849006937698,0.694021343671,0.862631420244,0.000821995221748,0.782418412961,0.780517728542,1.0
0.849510453328,0.693929231441,0.863646655966,0.000437087847279,0.783104565867,0.781657526122,1.0
0.849695016572,0.694640924184,0.863036485332,0.000999217808879,0.783356413378,0.781746572808,1.0
0.849428188763,0.694771419701,0.862541416082,0.00174658639967,0.782992986697,0.781399290733,1.0
0.849762041524,0.694771419701,0.862541416082,0.00170878506857,0.783448130702,0.78192466618,1.0
0.850176464439,0.694432083119,0.86328680695,0.000575064922605,0.784012804598,0.782102759552,1.0
0.850171035426,0.694418108059,0.863873048415,0.000632384689803,0.784005420625,0.782236329581,1.0
0.84827622878,0.694767334161,0.850295076533,0.00929117354439,0.78143038816,0.78015263713,1.0
0.848687203458,0.697878866131,0.850295076533,0.0106675496453,0.781992206072,0.780081399781,1.0
0.852206538922,0.697878866131,0.862996921943,0.00426885451634,0.78678605109,0.785718055,1.0
0.853856230243,0.701770772205,0.862563641415,0.0052888986189,0.789041924987,0.786154383761,1.0
0.855473571472,0.701770772205,0.862563641415,0.00639479253026,0.79125652466,0.790490957365,1.0
0.856858456753,0.702295232941,0.868086771669,0.00367748797152,0.793151667091,0.791550612928,1.0
0.857288996788,0.702295232941,0.86860963377,0.00353677737559,0.793741886934,0.792111607049,1.0
0.857480736927,0.70222604075,0.868809162636,0.0030863138236,0.794004537455,0.792432175119,1.0
0.858123923966,0.702790253729,0.869276342551,0.00312358588411,0.794886931565,0.793411688664,1.0
0.858646729284,0.703705698935,0.870333329536,0.00289875262185,0.795604323094,0.794079538808,1.0
0.859133404164,0.704362467701,0.870333329536,0.00316487046803,0.796272701302,0.794088443477,1.0
0.859703249039,0.704362467701,0.87174710661,0.00241579071713,0.797054940895,0.795682379155,1.0
0.859587183555,0.704095789182,0.87174710661,0.00217683707426,0.796895355895,0.795085766359,1.0
0.859711453751,0.703919934881,0.871829305252,0.00210246444974,0.797066035433,0.795424143765,1.0
0.859875138647,0.704823202227,0.87207938539,0.00213665002228,0.797290946518,0.795415239097,1.0
0.85989618097,0.705088761735,0.8714841876,0.00247809140962,0.797320053692,0.79552209512,1.0
0.860444028781,0.705115710434,0.8714841876,0.00287342164496,0.79807321755,0.796421466648,1.0
0.860872571999,0.705755692938,0.871798518156,0.00323806459846,0.798662631401,0.796857795409,1.0
0.859970383411,0.707242519686,0.867738214004,0.00555540016359,0.7974243675,0.795691283823,1.0
0.851416906388,0.707242519686,0.856575856544,0.0230541006382,0.785742604331,0.784720732118,1.0
0.842878282806,0.7005170077,0.856575856544,0.00672959772822,0.774090378485,0.771979302157,1.0
0.84200396291,0.686804275675,0.856446452315,0.000583620601072,0.772900396224,0.771142974196,1.0
0.841956787895,0.686783103612,0.856446452315,0.000924731388437,0.772836586375,0.771382151662,1.0
0.84224485468,0.687622252056,0.856421685512,0.00095804723095,0.773227103107,0.771778039265,1.0
0.842108273258,0.687925543461,0.854729731982,0.00245789942545,0.773042696695,0.770825767621,1.0
0.842321866091,0.687945804892,0.854729731982,0.00285389041723,0.77333250872,0.772133808478,1.0
0.843301855667,0.688840995777,0.856277972509,0.00128397411202,0.774660848664,0.773015006868,1.0
0.843314329681,0.690864346813,0.854122783598,0.0050380423517,0.774680281076,0.774409905821,1.0
0.836146759221,0.690864346813,0.844386800065,0.0198011730553,0.765006917943,0.762919819197,1.0
0.833924538819,0.688883217939,0.843276349493,0.016590400686,0.762003134141,0.75703633123,1.0
0.841067392955,0.689063915819,0.843276349493,0.0121734165814,0.771643302262,0.771817135026,1.0
0.844027571653,0.69059804622,0.85610390578,0.00277029610756,0.775646604826,0.774141260599,1.0
0.845089665383,0.692454271353,0.857465982934,0.00349384697765,0.777089562129,0.775403546356,1.0
0.845656406608,0.692454271353,0.857455941026,0.00327988212312,0.777859608234,0.776307995299,1.0
0.845911525622,0.691743812475,0.857455941026,0.00298151054161,0.778206223406,0.776602021018,1.0
0.847015213856,0.69506328855,0.858912979153,0.00347131806357,0.779707700879,0.77825594272,1.0
0.852347610657,0.718814281444,0.857652383474,0.0221968692517,0.787011234412,0.780891724623,1.0
0.875741865812,0.783012128795,0.857652383474,0.0925434500031,0.819736178516,0.804480191724,1.0
0.895735004648,0.783012128795,0.860517641937,0.0830091040032,0.847645171413,0.873437945301,1.0
0.924363112724,0.872172561154,0.868960786807,0.161181323226,0.889576679915,0.840980428283,1.0
0.981917303698,0.932126950798,0.8710695226,0.183030242968,0.974654200487,1.00394476819,1.0
0.993386142442,0.932126950798,0.970544895053,0.10393549644,0.990619287727,0.983268127715,1.0
0.973727275218,0.811753886885,0.971608738887,0.00623459703944,0.960446660401,0.959546090586,1.0
0.971912085765,0.811753886885,0.971608738887,0.00456707373133,0.95773852635,0.954951281593,1.0
0.970485064743,0.807112945582,0.970760801983,0.00380265169966,0.955612520067,0.953295013235,1.0
0.970373424219,0.807574719268,0.970760801983,0.00472565115146,0.955447063758,0.95370462799,1.0
0.969948335179,0.807574719268,0.971011996811,0.00475742385952,0.954814419294,0.952333309027,1.0
0.969173300616,0.806469287186,0.970720303937,0.0039899845662,0.953660779558,0.951612030871,1.0
0.968996034873,0.80663665866,0.969953683302,0.00487959944295,0.953397870377,0.950881848046,1.0
0.966761581072,0.80663665866,0.965597374671,0.00707079482854,0.950079721804,0.948637871561,1.0
0.964030710114,0.805399782144,0.96433457872,0.0047721136291,0.946026527046,0.943375212423,1.0
0.963175749417,0.800202617908,0.96433457872,0.00368060299465,0.944759016637,0.942262128849,1.0
0.962501639347,0.802433133681,0.961888156718,0.00624540772324,0.943763073393,0.94333068908,1.0
0.959804357802,0.802433133681,0.960388457466,0.00771259881293,0.939775436943,0.935450057376,1.0
0.962984892131,0.827419366139,0.959102346827,0.0243573200984,0.944515639187,0.94105109392,1.0
0.97191583403,0.827419366139,0.959102346827,0.0224042665633,0.957776918153,0.956669882631,1.0
0.976652834902,0.81443928562,0.975729672872,0.00444222835919,0.964814457156,0.962733961942,1.0
0.977362567443,0.813001179065,0.977932695865,0.00264223644969,0.9658745275,0.96363333347,1.0
0.976952831493,0.813001179065,0.977932695865,0.00378232497248,0.965262503,0.963330574738,1.0
0.977258930821,0.813346370492,0.978130002898,0.00356407967065,0.965720124287,0.963401812087,1.0
0.97740394866,0.813713427486,0.976990166676,0.00387849287972,0.965937264837,0.963793617505,1.0
0.977126830799,0.813713427486,0.976864546893,0.00428014848264,0.96552309281,0.962805199291,1.0
0.976825933531,0.813455236715,0.976764821539,0.0040992801779,0.965072991972,0.963223718715,1.0
0.976935718044,0.815149513148,0.976764821539,0.00483981550675,0.965237755899,0.963401812087,1.0
0.976932234755,0.815149513148,0.976786988119,0.00478764811106,0.965232503375,0.963036720674,1.0
0.977278003063,0.814040287585,0.977675635443,0.00365212413572,0.965748712711,0.96306343468,1.0
0.978430083057,0.815043724479,0.979769770852,0.00370825509149,0.967472611124,0.965262887822,1.0
0.979221711813,0.815309793175,0.979711727228,0.00459199981304,0.968658612013,0.966678730128,1.0
0.979963715429,0.816784812332,0.979711727228,0.00480581644165,0.969770388749,0.967631529668,1.0
0.981355621947,0.817479249004,0.980220857844,0.0049237729916,0.971857247254,0.969928934165,1.0
0.982845016604,0.819008103755,0.983043485366,0.00371738844906,0.974091418672,0.971300253128,1.0
0.982923666581,0.819008103755,0.981274219393,0.00493109341626,0.974210482563,0.972413336702,1.0
0.982922814622,0.818742909593,0.981274219393,0.0050210766243,0.974209282864,0.971932484598,1.0
0.983053731763,0.818445150894,0.982613979042,0.00424345605661,0.974405221107,0.972261957336,1.0
0.982963876205,0.81943418011,0.982613979042,0.00457833013076,0.974270561841,0.971923579929,1.0
0.983802795234,0.819873207132,0.982838471452,0.00402150600607,0.975530200251,0.973241470881,1.0
0.984565961779,0.820066186241,0.984084324447,0.00348674465345,0.976676740397,0.974871025233,1.0
0.984961882801,0.823024898257,0.984084324447,0.00481744605168,0.977273030189,0.974915548576,1.0
0.964832269483,0.82466111409,0.913752419859,0.0949582616185,0.947752911316,0.967275342924,1.0
0.924393373912,0.82466111409,0.911701084103,0.0939394610761,0.888626215916,0.866029261032,1.0
0.903007897825,0.745720621665,0.909807556673,0.00366344426525,0.857521302285,0.855468324082,1.0
0.900950745416,0.742837116934,0.909131497006,0.00174156823968,0.854603779642,0.852725686156,1.0
0.899760486479,0.740373964975,0.908774896652,0.00109207001672,0.852918095827,0.851265320506,1.0
0.898185613101,0.739663508832,0.906600523009,0.00192541036589,0.85069077034,0.848620633935,1.0
0.896915544476,0.738046034522,0.906279138863,0.00119574240153,0.848895722405,0.84719588696,1.0
0.900545019139,0.767216500776,0.906279138863,0.0213857850932,0.85406096042,0.84789045111,1.0
0.905523517778,0.767216500776,0.907625982288,0.0186507417055,0.861117158711,0.863731856535,1.0
0.905429039421,0.747662250976,0.912400602915,0.00271343119902,0.860958636221,0.858602767426,1.0
