1280.771516,1575.442056,1020.740716,116.7264033,423424186.6,34575001002,0
1260.453847,1541.818003,1020.740716,109.1881573,409770484.1,30648457401,0
1288.483114,1533.392081,1056.678763,104.4837601,427803031.5,34401582308,0
1364.181946,1649.661792,1138.911142,111.8842411,479618679.1,38281632619,0
1425.88976,1664.256527,1174.129457,114.4818372,523844531.1,42609036429,0
1462.157391,1703.755492,1174.129457,103.4332352,550042283.3,42492248909,0
1456.600803,1703.755492,1216.145818,105.5524449,546003767.8,44022642282,0
1428.833097,1791.643459,1047.02114,138.7603377,527569523.5,44480603236,0
1366.339464,1791.643459,1019.775138,161.5447293,484602939.1,34000156713,0
1372.097736,1652.06159,1019.775138,129.929189,486280650.8,41671145171,0
1409.627154,1622.271052,1214.881131,89.06498852,510715209.2,40722588391,0
1419.070212,1651.737624,1214.881131,95.20235886,517842881.6,41476171365,0
1378.499901,1651.737624,1064.516579,120.7524708,490199842.7,38264377155,0
1348.345609,1593.091474,1064.516579,105.1444584,468247357.3,38772279595,0
1367.650118,1593.091474,1148.245928,92.20282377,481015860.8,37133036799,0
1367.725676,1582.041982,1148.245928,98.73169857,481387897.1,39141834861,0
1406.284165,1733.64368,1175.557222,104.5514968,509072939.1,41507936072,0
1411.066776,1733.64368,1201.574274,103.7021927,512477079.3,40906564558,0
1395.363647,1675.774564,1201.574274,99.36938177,500969979.3,39356648405,0
1401.698413,1653.755601,1175.959166,101.9470407,505638819.7,40656093478,0
1408.260558,1678.53713,1175.959166,107.0959297,510634838.1,39994085577,0
1415.204372,1678.53713,1178.400922,105.1661302,515549012.2,41024650986,0
1421.513547,1666.691957,1211.164933,97.39480292,519727746.9,41911153752,0
1409.026157,1633.879998,1181.668603,96.10126933,510615082.4,40679077141,0
1394.681438,1633.879998,1181.668603,96.26893483,500327429.2,40037837668,0
1397.115482,1630.408922,1195.668326,94.76476244,501993480,40020857060,0
1408.789331,1670.057037,1195.668326,94.36064895,510359375.8,41205647732,0
1424.553466,1670.057037,1233.07646,98.75462984,522010893.6,40990587638,0
1432.969391,1686.891344,1231.315018,103.1699313,528395599.4,42102016853,0
1435.372489,1686.891344,1231.315018,102.2405183,530111310.3,42546685200,0
1416.5876,1656.94349,1161.084399,105.4449524,516566801,41926661968,0
1399.838371,1656.94349,1161.084399,102.4885271,504333148.9,39543882794,0
1401.236574,1652.763424,1155.429291,100.8877698,505252423,40871503177,0
1397.307478,1646.981204,1155.429291,100.8513706,502435631.9,40002612549,0
1387.327061,1629.55813,1191.322992,95.81700467,495067462,39387690437,0
1392.109808,1669.633927,1191.322992,95.94888915,498477032.5,40058945814,0
1410.550545,1669.633927,1221.36568,95.87582555,511704323.9,40680566926,0
1417.638121,1638.734897,1218.841471,98.00132704,516941338.3,41245300758,0
1411.52298,1645.141991,1208.291417,100.3854215,512633435.5,40826578553,0
1410.487924,1677.287134,1196.154944,102.0185403,511970295.7,40361693000,0
1388.414997,1677.287134,1170.87262,105.460118,496337418.1,39886091422,0
1371.827432,1602.670433,1169.389657,99.10029455,484283231.4,37947550224,0
1377.520432,1602.670433,1169.389657,99.799525,488325756.1,39293833690,0
1389.690638,1608.793178,1179.155665,100.5525365,496985825.9,39629337239,0
1386.711601,1622.192511,1159.069395,101.5384741,494919456.1,39271456644,0
1388.885514,1685.293418,1159.069395,105.4369284,496670698.9,41158149903,0
1402.230805,1685.293418,1188.317665,95.24285172,505682542.2,39736116893,0
1397.764787,1649.377122,1177.678058,95.0183174,502470369.1,39901378328,0
1402.120126,1695.151807,1177.678058,105.1386233,506110714.1,40037934613,0
1394.345872,1695.151807,1130.747663,107.2956349,500662467.6,39321391365,0
1396.07763,1669.604492,1130.747663,104.3845361,501741793.3,41141264157,0
1401.725873,1630.768689,1198.410639,96.57618778,505385570.2,40086558998,0
1405.950063,1613.086622,1198.410639,95.61781117,508374616.2,40740975467,0
1424.600094,1644.828325,1196.518628,96.69799882,521941998.3,41781754816,0
1503.420656,1952.429345,1196.518628,139.4148435,583605802.6,44703087519,0
1495.391051,1952.429345,1220.500032,147.7644765,578055356.1,49095252317,0
1419.104069,1744.775243,1202.331952,102.9334203,518259621.6,41235224749,0
1430.200102,1689.926048,1202.331952,101.6169335,526284373.2,40946249624,0
1417.870178,1689.926048,1115.520232,107.6316465,517616745.8,42774174905,0
1439.331448,1712.294639,1115.520232,118.144016,533922054.6,41511972843,0
1527.184144,1761.254853,1198.631391,110.6531466,600201095.1,49587172874,0
1531.363225,1761.254853,1313.822627,97.68042187,602781386.4,47978710169,0
1515.811378,1764.19154,1318.180219,93.12278796,590427132.5,47409614555,0
1526.563187,1764.19154,1337.823102,88.83708551,598601521.4,47596524979,0
1512.387091,1713.732789,1337.823102,81.913422,587270277.8,46803105618,0
1513.366232,1713.818798,1356.380568,81.52945509,588012647.5,47010723947,0
1516.894322,1798.66033,1205.205411,98.28755044,591520979.7,48082621066,0
1530.307342,1798.66033,1205.205411,105.2007656,602344387.2,47512614269,0
1515.286988,1821.862378,1276.040383,108.7822208,590829626.2,46041996533,0
1495.823537,1821.862378,1276.040383,100.5017911,575382698,46962206258,0
1512.172581,1780.067701,1270.836734,94.11956041,587654247.9,46431393306,0
1592.290644,1998.979848,1270.836734,145.6241687,654488548.7,50743756857,0
1660.576435,1998.979848,1332.208999,130.2217702,710264782.4,59562562366,0
1600.687184,1949.621393,1343.972767,113.6835237,659231591.4,52299073359,0
1516.235683,1723.368611,1263.973169,92.62253054,590732692.5,46827774771,0
1479.226646,1701.84115,1263.973169,89.57348679,562210529.2,44524451609,0
1469.137053,1769.893328,1171.92658,105.5398561,555392599.7,45632707302,0
1397.265012,1769.893328,1086.96881,129.5284478,504096546.1,38406302137,0
1326.078058,1559.658483,1086.96881,94.81530091,452473076.8,36791768865,0
1351.79225,1660.460115,1108.704383,101.4118042,470432419.9,37186312567,0
1456.520538,1723.802581,1115.887918,122.5629964,546937284.3,44158326917,0
1513.301115,1723.802581,1318.657079,91.3480994,588396733.1,46402292921,0
1477.973991,1681.027506,1206.875353,92.97486634,561421169.3,45459329597,0
1519.568833,1799.179161,1206.875353,110.4865774,594251961.2,47573367202,0
1538.21362,1799.179161,1293.486208,106.1602127,608607010,48040718998,0
1475.034123,1719.784819,1154.487869,103.5605487,559731315.2,45663717689,0
1390.602378,1660.118184,1051.555175,127.5884364,499213768,37747609183,0
1403.093727,1653.316865,1051.555175,128.5689859,508211709.5,42105993459,0
1435.916133,1647.645468,1179.134818,101.6726555,530481272,43559124299,0
1442.088554,1721.566181,1179.134818,107.5370914,535343007.3,41193933974,0
1483.953403,1721.566181,1261.686698,88.77864966,565759833.6,45257219307,0
1462.244103,1776.941786,1138.639355,106.0825778,550249300.5,44334366245,0
1500.16505,1776.941786,1138.639355,123.6636232,580041694.4,46349650627,0
1547.424471,1767.889493,1307.141935,97.16418822,615414623.6,48675626448,0
1518.152722,1755.564229,1253.7164,102.2381922,592701526,45931232348,0
1503.615307,1745.301469,1253.7164,98.05532267,581241302.7,48260413873,0
1512.246572,1714.041789,1322.986732,88.79182831,587462062.9,47029374236,0
1552.144891,1836.202418,1322.986732,98.9473799,619249752.4,49311087816,0
1546.322653,1848.748464,1256.275511,121.3714836,615896264.9,50790891074,0
1545.15326,1848.748464,1256.275511,123.8225613,615124639.5,46120845047,0
1022.869951,1118.681933,899.4335876,39.82284483,268249291.8,21479700901,0
1024.457125,1123.455428,899.4335876,41.4784686,269115613.1,20980202292,0
1044.262698,1124.598097,939.8610472,38.92762311,279551985.1,23152257305,0
1052.403409,1141.577951,966.2908579,32.75384686,283808191.9,22292260704,0
1067.170845,1178.480217,980.9621934,33.9479286,291841554.9,23597800130,0
1054.88284,1178.480217,942.392422,43.39325555,285353160,22683003104,0
1018.674238,1126.829593,917.7579357,40.37720163,266067845.8,21339090665,0
1011.208013,1091.580506,917.7579357,36.44243293,262110642.2,20934693084,0
1022.993461,1100.183094,945.7371416,38.02136705,268278078.8,21650621606,0
1049.693463,1164.934573,936.8357811,47.29063059,282647749.1,22577777262,0
1052.875465,1164.934573,911.4590702,50.11457593,284430903.4,21961060652,0
1049.069361,1147.662792,911.4590702,47.57127093,282319244.6,23338095243,0
1063.277883,1161.170515,946.7240709,41.81934229,289871030.5,23409996913,0
1026.130924,1161.170515,870.5209813,56.68513972,270376416.9,21403697928,0
980.1772799,1062.66503,870.5209813,44.23068839,246452186.6,19848717948,0
973.8971387,1068.342346,879.4009199,42.52693193,243272749.2,19068281897,0
991.1524432,1093.876192,881.4515498,46.18774252,252036217.1,20050543779,0
1007.883833,1093.876192,893.2720133,41.8411129,260500607.6,20935452617,0
1019.239209,1134.112369,930.9773298,40.94616399,266374439.2,21227056369,0
1018.081826,1134.112369,904.0734867,46.65247345,265898767,21710237638,0
999.3131536,1120.953619,904.0734867,47.05257067,256215225.2,20346883094,0
972.1436399,1091.474928,820.6339319,55.34144513,242720238.7,19944590490,0
968.6500912,1122.144561,820.6339319,62.35664061,241195865.5,18145822927,0
971.6474491,1122.144561,820.575619,62.97174683,242704436.8,20440904453,0
2207.915219,2240.789695,2047.695216,33.61286361,1248260976,1.00607E+11,1
2242.135716,2274.338886,2215.959129,17.04596551,1287030562,1.02777E+11,1
2261.87456,2295.884598,2202.392199,16.23803063,1309783091,1.05496E+11,1
2284.389259,2574.363467,2202.392199,68.17054136,1337108866,1.08293E+11,1
2319.766928,2574.363467,2215.980249,79.46415442,1379234087,1.08362E+11,1
2317.385277,2465.218365,2215.980249,51.22989872,1375462151,1.08755E+11,1
2295.71614,2495.260591,2236.661558,49.38569086,1349824395,1.10057E+11,1
2261.370012,2495.260591,2209.538713,56.37091518,1309944835,1.03275E+11,1
2217.924281,2244.94252,2186.321003,12.9673568,1259355204,1.00503E+11,1
2213.192183,2296.175941,2186.321003,15.29696855,1254004131,99943175778,1
2233.535867,2652.682126,1941.077966,100.8295265,1279705360,1.05805E+11,1
2189.60774,2652.682126,1941.077966,115.5535204,1230780076,94704782576,1
2160.777,2338.783089,2082.613014,44.7692367,1195766151,96039014605,1
2173.308886,2338.783089,2082.613014,36.31532775,1209495121,96939707787,1
2148.29133,2181.627268,2121.366198,12.02435149,1181516857,94197899195,1
2141.303863,2151.464484,2121.366198,5.681162796,1173814914,93916372580,1
2145.513027,2159.897537,2132.485236,5.604076818,1178433934,94254976506,1
2149.695797,2160.293724,2140.318583,4.16644802,1183029601,94762158214,1
2150.266359,2160.293724,2140.341043,3.829298794,1183656980,94661200915,1
2149.437649,2159.11657,2139.799913,3.354553999,1182743925,94687701116,1
2148.771292,2156.064015,2139.799913,3.656778406,1182011247,94512762898,1
2145.119596,2156.064015,2120.854015,7.824106173,1178009420,94509572519,1
2136.314371,2153.331167,2120.187944,9.139286287,1168364191,93076701273,1
2128.295676,2140.315701,2117.138808,5.193429413,1159595381,92920148805,1
2114.755875,2138.744211,2004.00463,37.63647687,1145243883,92630979172,1
2054.47442,2138.744211,2002.051542,60.97020018,1081493122,85004924086,1
2005.619852,2010.363976,2002.051542,1.670766929,1029763528,82376715429,1
2006.072755,2015.214723,1991.894989,2.794347239,1030229941,82416921243,1
2011.589501,2021.13702,1991.894989,6.189191302,1035911840,82887059623,1
2020.332875,2031.27851,2011.277323,5.017256907,1044933145,83468068856,1
2028.661324,2049.792649,2014.136326,8.149888707,1053576496,84242566547,1
2037.434361,2059.549243,2024.949507,7.329037148,1062705277,85325409229,1
2039.626985,2059.549243,2031.668681,4.03438358,1064984196,85089985072,1
2037.642672,2042.772224,2033.128096,1.818920147,1062909687,85065209192,1
2039.625893,2056.195342,2032.185145,4.938487857,1064985132,85067672907,1
2044.35557,2075.089929,2032.185145,8.99527834,1069944477,85457395659,1
2059.357605,2080.030989,2033.760081,15.08711417,1085742430,87145553352,1
2074.027394,2081.975431,2063.286664,3.338480866,1101209799,88159543284,1
2076.561096,2085.330296,2066.548019,3.224375241,1103901794,88207702915,1
2078.076416,2086.365077,2066.548019,3.678911408,1105514272,88553494706,1
2078.549046,2086.365077,2072.089109,2.398907839,1106015204,88492119861,1
2078.714883,2084.334351,2073.046736,1.943622919,1106191192,88444256573,1
2080.335719,2085.880311,2074.943163,2.253458482,1107917256,88663970771,1
2081.807711,2088.976346,2075.64109,2.10787845,1109485513,88755723294,1
2086.058771,2102.359788,2078.784155,4.932085488,1114026373,89147099312,1
2091.965514,2102.359788,2083.960478,4.23488231,1120342438,89531032584,1
2096.692437,2104.38786,2088.231399,3.86238175,1125410328,90108731073,1
2100.156706,2104.451677,2094.34659,1.948259807,1129129468,90384754081,1
2102.243976,2107.669253,2098.114485,1.984441243,1131375020,90474445689,1
2103.792549,2108.378689,2098.891078,1.796845514,1133042258,90639901122,1
2102.752344,2108.378689,2088.173988,3.157720498,1131923813,90640840766,1
2101.91825,2106.690625,2088.173988,2.903336008,1131025602,90422590032,1
2102.998134,2107.675945,2097.861266,1.934418248,1132186853,90555103584,1
2104.431649,2110.356758,2099.97546,2.118569189,1133731086,90677123759,1
2105.489198,2110.839006,2100.305573,1.897398447,1134870620,90769355614,1
2106.045683,2111.027867,2101.069461,1.921798543,1135470620,90853289717,1
2106.704027,2111.162838,2101.069461,1.938812186,1136180638,90914089102,1
2107.618524,2112.591316,2101.344128,1.895867989,1137167216,90980274399,1
2108.183502,2117.611971,2103.52384,2.237059633,1137777327,91029865836,1
2124.253299,2196.103855,2094.814795,24.09740924,1155336388,92434821084,1
2110.078507,2196.103855,1914.998996,60.30096376,1140753283,92735734453,1
2074.718859,2159.543632,1914.998996,58.37766526,1102813772,85501843724,1
2085.301908,2124.909508,1927.079393,35.03833031,1113526203,89882430323,1
2100.855025,2105.45474,2097.120112,1.517896038,1129880099,90376519129,1
2101.181926,2104.76729,2096.76567,1.596933922,1130231818,90400259611,1
2101.447845,2104.76729,2094.470676,1.634024521,1130517943,90463296339,1
2101.189686,2104.525209,2094.470676,1.533305838,1130240115,90402599424,1
2100.993496,2104.525209,2096.620546,1.500070093,1130029035,90402355861,1
2101.706325,2108.328186,2096.620546,2.184046765,1130796607,90406328586,1
2103.303273,2108.328186,2098.312711,2.206341511,1132515718,90696460104,1
2103.331033,2107.509203,2098.541323,1.712541872,1132545118,90588683173,1
2102.195325,2105.693523,2094.958489,1.624919438,1131322323,90486072191,1
2101.845242,2105.199053,2094.958489,1.446833669,1130945412,90472387989,1
2102.07762,2107.083468,2098.83211,1.421480138,1131195479,90510057051,1
2101.217193,2107.083468,2084.924722,3.690808842,1130272592,90525223641,1
2093.259055,2106.979821,2078.17449,8.069804149,1121740440,89695123142,1
2089.646511,2101.989493,2078.17449,5.36309168,1117862734,89207044146,1
2094.462355,2102.142787,2083.419436,4.063666806,1123018002,89968199269,1
2095.982027,2102.142787,2090.531345,1.987725736,1124645020,89969606220,1
2094.860859,2102.143193,2070.847444,4.796284408,1123447046,89954554594,1
2091.251988,2102.143193,2070.847444,6.919634397,1119585987,89567813791,1
2084.379896,2099.808803,2064.653136,7.038874192,1112240409,88749312817,1
2081.641672,2092.196191,2064.653136,5.65742978,1109315599,88647327717,1
2073.492397,2283.898686,2018.335895,25.7738552,1100808964,88251484904,1
2050.619502,2283.898686,1929.08731,44.50798492,1076997453,86930034049,1
2052.498558,2105.727117,1929.08731,38.7463157,1078848412,85779149101,1
2071.911476,2085.880361,2056.781278,6.567243872,1098972235,87946434293,1
2082.964842,2104.106056,2068.8453,9.515234327,1110741267,88756444636,1
2086.602438,2104.106056,2073.521879,8.296337327,1114618513,89527674380,1
2092.054853,2151.828862,2074.77805,19.18500844,1120527763,88971720001,1
2107.866477,2151.828862,2083.433183,21.85161725,1137556116,92355127997,1
2109.58549,2148.052915,2095.024047,13.41113231,1139335884,90658281523,1
2103.958798,2108.489622,2099.958846,1.505842452,1133221093,90654699745,1
2103.342638,2110.439312,2090.916699,2.942684795,1132559082,90697570765,1
2100.894173,2110.439312,2090.916699,3.435044156,1129924641,90306611440,1
2098.581955,2103.068811,2094.204563,1.76254993,1127436628,90217808897,1
2099.245575,2128.740117,2093.817744,4.789923797,1128154862,90076862163,1
2101.381109,2128.740117,2093.817744,4.731406315,1130451188,90574748196,1
2102.744945,2107.021029,2097.674039,1.739922251,1131914069,90549041132,1
2108.264891,2120.86013,2098.156102,6.415301612,1137874434,90897646613,1
2114.462332,2120.86013,2098.955392,4.123956639,1144567798,91739311667,1
2117.580157,2125.781515,2101.951963,3.503420939,1147944447,91845009313,1
2114.287815,2125.781515,2101.951963,5.963765364,1144383624,91511976188,1
2108.066885,2112.680573,2102.959626,1.804593995,1137651008,90976516977,1
2121.576462,2188.843197,2102.959626,19.79644127,1152378517,91799217019,1
2109.219509,2188.843197,2023.8879,34.17770186,1139193613,90761836874,1
2087.471137,2128.582612,2023.8879,17.17593845,1115604675,89657601346,1
2093.990468,2107.364525,2086.863048,3.734278552,1122511366,89682394410,1
2097.650411,2107.364525,2086.863048,4.094072633,1126439426,90239701016,1
2099.07314,2104.049751,2094.403183,1.727695303,1127964424,90254465118,1
2099.597453,2109.465792,2090.9629,3.145510298,1128529756,90165253030,1
2114.597504,2206.70564,2090.9629,34.8304426,1145020355,90552540503,1
2166.14167,2209.360577,2093.126732,49.49086462,1201822485,97563988639,1
2204.971219,2212.318561,2196.403449,3.067574437,1244648317,99589569201,1
2206.101587,2212.318561,2194.432925,3.287022243,1245925124,99757776477,1
2201.160033,2240.224582,2185.386212,9.49410268,1240370081,99222627056,1
2192.246025,2240.224582,2176.188163,9.455177745,1230344201,98478759829,1
2186.286091,2198.773631,2176.188163,5.247732342,1223647849,97641522747,1
2186.555148,2196.895902,2176.188862,4.3227732,1223946778,98017767775,1
2190.199426,2196.895902,2180.176626,3.647085484,1228028627,98207623033,1
2190.48294,2196.817412,2181.135,3.398277498,1228346127,98290450847,1
2187.719755,2195.640018,2178.195478,3.79254199,1225249820,97929126165,1
2187.620274,2199.089641,2176.935003,4.471134739,1225139829,97949203551,1
2189.541959,2199.613964,2176.935003,4.08939418,1227292343,98328693771,1
2193.65408,2209.65456,2182.283075,6.605317189,1231913434,98294048403,1
2201.336819,2210.51362,2183.087683,6.596359341,1240557390,99450770858,1
2203.743543,2210.51362,2194.653533,3.51728037,1243263482,99466707041,1
2203.519208,2210.375365,2195.065753,3.044032453,1243009578,99466737383,1
2204.686426,2210.375365,2196.057447,2.705860771,1244326287,99556332419,1
2204.075028,2211.13984,2193.073058,2.961096585,1243636607,99456313791,1
2202.826076,2211.13984,2193.073058,3.461501484,1242228404,99420775625,1
2192.660044,2283.929234,2108.950364,25.27952154,1230949664,99087474468,1
2174.801804,2283.929234,2108.950364,25.01736909,1210979522,95978319356,1
2170.380791,2184.549762,2154.680913,5.93782127,1205910537,96614404636,1
2182.003076,2200.782076,2161.812389,10.22483774,1218877945,97270511340,1
2191.929232,2200.782076,2161.812389,6.952666642,1229978137,98624658817,1
2194.768703,2200.027748,2186.560486,2.646941805,1233156267,98662937918,1
2195.829764,2202.31972,2187.558054,3.056694181,1234349490,98704903293,1
2196.378231,2203.501536,2187.921563,3.284883923,1234966560,98792556693,1
2196.42806,2203.501536,2187.771408,2.965857497,1235022085,98808426674,1
2197.290509,2208.74817,2187.771408,3.925774183,1235993854,98855386178,1
2195.967778,2208.74817,2186.91441,4.524542097,1234507508,98796312098,1
2192.921709,2203.234615,2185.519533,3.026037493,1231082183,98450433552,1
2192.128549,2197.477759,2185.519533,2.631831526,1230191232,98442374333,1
2192.164737,2197.477759,2185.870097,2.635549281,1230231854,98360800002,1
2192.471908,2199.332829,2185.870097,3.022496873,1230577204,98491009789,1
2192.787198,2200.782511,2185.529867,3.20025571,1230931440,98456633053,1
2192.714711,2200.782511,2184.860785,3.217668432,1230850088,98478149843,1
2192.769137,2207.472031,2184.860785,3.828407065,1230912294,98449318809,1
2195.541265,2207.472031,2185.70637,4.521807711,1234028005,98744194774,1
2196.6413,2207.966516,2180.010736,4.730735249,1235265378,98693895551,1
2197.307994,2207.966516,2180.010736,4.939636376,1236015826,98929182311,1
2198.504727,2204.067264,2188.550241,3.161665328,1237358855,99052645143,1
2197.892633,2203.785325,2188.550241,3.189459311,1236670003,98911916294,1
2198.007532,2203.802488,2189.477733,3.333202765,1236799544,98960849516,1
2197.984954,2207.733042,2189.333991,3.577448821,1236774568,98942788390,1
2198.183297,2207.733042,2189.333991,3.622519967,1236997871,98928519466,1
2198.362978,2205.50897,2190.429949,3.563126689,1237199995,99005280195,1
2198.497345,2206.272006,2190.632824,3.37026615,1237350895,98981239646,1
2198.406072,2206.272006,2190.632824,3.187111012,1237247850,98972708275,1
2198.627343,2204.545943,2191.013182,3.235772591,1237497002,98972139793,1
2198.088757,2204.320032,2189.268518,3.547587256,1236891333,98958341066,1
2197.373897,2204.057004,2189.268518,3.230027361,1236086394,98901030628,1
2197.330269,2203.350193,2191.236051,2.870719703,1236036750,98901869504,1
2197.170848,2203.350193,2190.671213,3.025044139,1235857635,98847716812,1
2197.173179,2204.595921,2189.123533,3.087720088,1235860355,98847415284,1
2196.600564,2204.595921,2189.123533,3.143654377,1235216364,98840177648,1
2196.982529,2205.733001,2186.832414,3.637449271,1235646839,98766970441,1
2198.120799,2205.733001,2186.832414,3.499942759,1236927308,99015349213,1
2197.615185,2204.486114,2188.246852,3.601172366,1236358521,98918923761,1
2196.239117,2204.02177,2187.079804,4.108675505,1234811684,98831854914,1
2197.965802,2206.447799,2187.079804,4.425632451,1236754753,98864415133,1
2200.649467,2209.750771,2190.274066,3.741250913,1239775251,99119749441,1
2200.722377,2209.750771,2190.274066,3.932687728,1239857779,99242417197,1
2189.951778,2206.469462,2132.73442,20.25483267,1227852556,98964856985,1
2173.693801,2332.096916,2108.320896,38.22012553,1209959813,95943687206,1
2176.569689,2332.096916,2108.320896,34.88277328,1213100139,96752113824,1
2186.212276,2193.185777,2174.963897,3.102750992,1223560638,97914718791,1
2190.045632,2201.453884,2181.832885,3.86516414,1227856591,98150854630,1
2194.42194,2201.453884,2186.014948,3.453196285,1232767892,98687050591,1
2196.560616,2202.729725,2187.94309,2.62253971,1235170667,98814754933,1
2196.818866,2202.729725,2187.94309,2.350854766,1235460776,98861900181,1
2197.057448,2203.969551,2190.014495,2.29150828,1235729071,98861234212,1
2197.429063,2203.969551,2191.010725,2.259555905,1236147096,98893153203,1
2197.70661,2202.722558,2190.189557,2.352170598,1236459488,98905822689,1
2197.845556,2204.850149,2190.189557,2.5011018,1236616023,98939256022,1
2197.9605,2204.850149,2192.708214,2.569575523,1236745463,98915104216,1
2198.76259,2204.155642,2192.767527,2.447036919,1237648106,99045421584,1
2199.69823,2207.61683,2194.402782,2.613418206,1238701858,99023378308,1
2199.688196,2207.61683,2191.016662,3.101784367,1238691272,99153310191,1
2199.547055,2206.069372,2191.016662,2.791532696,1238531850,99008510475,1
2199.698502,2207.124146,2194.172369,2.942308365,1238702632,99166702865,1
2200.295748,2209.255397,2190.941678,3.729393651,1239376714,99064995163,1
2200.10844,2209.255397,2190.941678,3.531560507,1239165343,99165073101,1
2199.834899,2206.280193,2193.326496,3.108502808,1238856510,99118193891,1
2200.015515,2206.813587,2191.643233,3.267473285,1239060209,99106806525,1
2199.643423,2206.813587,2191.643233,3.282902546,1238641143,99098905149,1
2199.969341,2206.656675,2191.825725,3.034828976,1239007824,99113601297,1
2199.851541,2206.656675,2191.951832,2.950007499,1238875009,99154762370,1
2199.908084,2205.217969,2191.951832,2.79063422,1238938462,99079075401,1
2200.088188,2207.270406,2194.179606,2.636910826,1239141117,99118702283,1
2200.134634,2207.270406,2194.179606,2.736353448,1239193573,99148684637,1
2200.621261,2206.322733,2193.051166,2.712746089,1239741771,99163064421,1
2200.979759,2206.993334,2193.051166,2.703120922,1240145717,99216343867,1
2200.890845,2206.993334,2194.195518,2.923370938,1240045838,99228978952,1
2200.926926,2207.568019,2194.195518,3.064206702,1240086713,99201589642,1
2201.616443,2208.397395,2194.700465,3.083508057,1240863865,99270672449,1
2202.222161,2208.397395,2194.318576,3.058860292,1241546702,99294036425,1
2201.83638,2207.250412,2194.318576,2.74318815,1241111288,99295083709,1
2201.786484,2207.046897,2195.340994,2.611557777,1241054859,99281458803,1
2202.570068,2208.145351,2195.841199,2.563782943,1241938299,99320736116,1
2202.431076,2208.145351,2195.920577,2.592299478,1241781597,99379310692,1
2202.065048,2207.722249,2195.204252,2.740809606,1241369085,99287390234,1
2201.576444,2207.722249,2193.893662,2.864507267,1240818443,99301322173,1
2201.668748,2207.345894,2193.893662,3.065662119,1240922796,99194341624,1
2202.495327,2210.420146,2195.46086,3.057366973,1241854723,99388889227,1
2202.765403,2210.420146,2195.795609,3.060420178,1242159306,99370309789,1
2201.6784,2207.905238,2190.999408,3.573071858,1240934539,99298482494,1
2200.543713,2207.905238,2190.999408,2.93178659,1239654714,99154184740,1
2200.961461,2206.538117,2195.022497,2.543825445,1240124883,99200445914,1
2200.732916,2206.538117,2193.5004,2.803324052,1239867706,99165322268,1
2200.810762,2206.6703,2193.5004,2.815977613,1239955441,99220476419,1
2201.579954,2207.543556,2194.19311,2.786157294,1240822287,99254981387,1
2201.405414,2207.543556,2193.768896,2.97215746,1240625826,99242088514,1
2200.728367,2207.748399,2192.71116,3.111367656,1239863047,99261988866,1
2200.42404,2207.748399,2192.71116,2.98043795,1239519959,99139360005,1
2200.605225,2206.959119,2193.535646,2.866959459,1239723924,99222172853,1
2200.834045,2206.609253,2195.120966,2.703943326,1239981519,99176504767,1
2204.693872,2216.212425,2196.251024,4.874233393,1244338899,99499360277,1
2207.900379,2216.212425,2199.288605,3.465740541,1247958040,99842237324,1
2207.077257,2214.462905,2201.413315,2.835404758,1247026703,99788098352,1
2206.702027,2213.711333,2199.761332,2.69957068,1246602528,99703195791,1
2207.126353,2213.711333,2199.288677,3.139280761,1247082647,99766761311,1
2207.165543,2212.563164,2199.288677,3.08268659,1247126845,99767834211,1
2207.098932,2213.025014,2199.804437,3.052135654,1247051523,99771902414,1
2207.373055,2213.025014,2199.739481,2.933284774,1247361128,99776567687,1
2207.076914,2212.709857,2199.739481,2.648526629,1247026053,99796177000,1
2206.761519,2212.709857,2199.77715,2.510321839,1246669492,99704263995,1
2206.545427,2213.697251,2199.853289,2.790348665,1246425730,99718880311,1
2205.358196,2215.034209,2195.292686,4.127181858,1245087183,99763984459,1
2202.460809,2215.034209,2192.904371,4.364719123,1241818282,99206807627,1
2200.167904,2205.76714,2192.135373,2.725412259,1239231036,99131712799,1
2200.192535,2206.33669,2192.135373,2.363138823,1239258311,99165093999,1
2200.505841,2206.33669,2193.918026,2.431859957,1239611359,99145721519,1
2201.141859,2207.454065,2193.918026,2.549368523,1240328188,99237612831,1
2201.326938,2207.454065,2194.522233,2.525793019,1240536747,99238555898,1
2201.16988,2208.536797,2194.522233,2.916307116,1240360280,99292873766,1
2201.298118,2208.536797,2195.528019,2.707016819,1240504508,99201254786,1
2200.69165,2206.683527,2194.866111,2.34258584,1239820602,99170775546,1
2200.312806,2207.33821,2194.866111,2.534462303,1239394014,99161563451,1
2200.614452,2207.33821,2192.636744,2.803748538,1239734227,99207245693,1
2201.385543,2206.727761,2192.636744,2.764998755,1240603125,99220472558,1
2201.351207,2207.088594,2196.237445,2.422698966,1240563970,99243510231,1
2201.326602,2208.24971,2196.561962,2.645334944,1240536526,99220252186,1
2201.185677,2208.24971,2194.75332,2.74537063,1240377836,99234112238,1
2200.463492,2205.625411,2194.282505,2.80147475,1239564141,99218937098,1
2199.981313,2205.909186,2191.520662,3.056125353,1239021342,99058891299,1
2199.491257,2205.909186,2191.520662,3.025444499,1238469361,99099403768,1
2200.358812,2207.922004,2193.423862,3.108061447,1239446672,99125976194,1
2201.006607,2207.922004,2193.034931,2.853100376,1240176185,99251168101,1
2201.793533,2208.993915,2193.034931,3.229775509,1241063729,99235743461,1
2203.183335,2208.993915,2195.288251,2.890557063,1242630441,99459515254,1
2203.251796,2208.98521,2195.76355,2.408354889,1242707015,99394611136,1
2204.296692,2214.804012,2196.090593,3.592836867,1243887825,99438672569,1
2206.710104,2214.804012,2196.090593,3.923021624,1246613727,99805745566,1
2207.055224,2214.33952,2197.230603,3.409785481,1247002723,99803692852,1
2213.638148,2319.575482,2168.023796,29.12757018,1254666821,99811266097,1
2216.102697,2319.575482,2168.023796,29.60472921,1257468826,1.00798E+11,1
2214.648053,2223.714552,2176.443127,8.964621586,1255615069,1.00645E+11,1
2218.658342,2224.243298,2213.605804,2.045508863,1260146950,1.0087E+11,1
2219.050429,2224.504648,2212.775772,1.988577249,1260592323,1.00884E+11,1
2219.76874,2224.504648,2212.775772,2.306148567,1261408915,1.00896E+11,1
2218.056453,2224.324882,2209.39546,3.264671425,1259464983,1.00696E+11,1
2215.489511,2220.320668,2209.39546,1.803229461,1256549638,1.0055E+11,1
2215.731123,2220.234141,2211.297625,1.646754342,1256823583,1.0055E+11,1
2216.56329,2221.566813,2211.341667,1.955137263,1257768100,1.00587E+11,1
2217.013999,2222.804188,2211.565863,1.989052436,1258279687,1.00686E+11,1
2216.503106,2222.804188,2211.565863,1.860371039,1257699707,1.00639E+11,1
2216.889496,2223.630716,2212.436216,1.953879615,1258138331,1.00638E+11,1
2217.897785,2223.883179,2213.172978,1.987508847,1259283080,1.00775E+11,1
2217.428256,2223.883179,2210.209786,2.124731128,1258750101,1.00664E+11,1
2215.825159,2220.474603,2210.206416,2.273879862,1256930895,1.00545E+11,1
2215.190026,2220.069287,2210.206416,1.986587404,1256210125,1.0047E+11,1
2215.090637,2221.702167,2208.958409,2.462085286,1256097944,1.0059E+11,1
2215.704597,2228.315908,2208.958409,3.844369995,1256796580,1.00395E+11,1
2218.106757,2228.315908,2210.460211,4.468428634,1259524494,1.00999E+11,1
2218.747073,2225.914328,2210.460211,3.698996399,1260250177,1.00647E+11,1
2212.763269,2224.544005,2187.45559,7.247172127,1253471695,1.00298E+11,1
2210.518446,2224.302344,2187.45559,6.17590035,1250926065,1.00001E+11,1
2218.988215,2232.651643,2206.438415,6.828044068,1260532562,1.00906E+11,1
2222.835628,2232.651643,2213.460773,3.896257767,1264899433,1.01261E+11,1
2221.018235,2226.53554,2214.511434,2.975195991,1262830298,1.00963E+11,1
2219.671834,2227.105392,2201.782929,4.311773616,1261302181,1.00987E+11,1
2216.670666,2227.105392,2201.782929,4.85159558,1257895009,1.00535E+11,1
2213.972854,2223.265079,2205.141727,3.25049872,1254831709,1.00361E+11,1
2212.987458,2218.547037,2206.121838,2.360628056,1253713680,1.0029E+11,1
2213.073371,2218.547037,2207.660646,1.974127172,1253810597,1.00276E+11,1
2213.920878,2218.378619,2209.544137,1.759761923,1254770880,1.00404E+11,1
2214.231531,2219.679878,2208.412133,2.072827188,1255123345,1.00414E+11,1
2213.782412,2219.918476,2207.493668,2.489056818,1254614723,1.00375E+11,1
2214.344346,2219.918476,2207.493668,2.468004242,1255251705,1.00434E+11,1
2215.041894,2219.298033,2208.876536,1.83660506,1256041976,1.00454E+11,1
2215.032756,2219.272481,2209.964146,1.868527977,1256031642,1.00469E+11,1
2211.843457,2219.911006,2184.773949,6.69083992,1252427839,1.00235E+11,1
2212.535201,2225.600131,2184.773949,7.457380717,1253214113,1.00227E+11,1
2218.458873,2225.600131,2208.338734,3.893775638,1259923183,1.0086E+11,1
2221.235599,2232.716092,2207.534901,4.46186558,1263080318,1.00909E+11,1
2223.957874,2232.716092,2207.534901,5.077767585,1266179689,1.01396E+11,1
2226.288884,2233.675016,2217.781552,3.564427735,1268831974,1.01515E+11,1
2227.01356,2233.675016,2218.751579,3.486062227,1269657997,1.01578E+11,1
2227.336293,2233.548505,2219.12175,3.235186983,1270025581,1.01614E+11,1
2228.418892,2234.580112,2219.988474,3.255944794,1271260507,1.01724E+11,1
2229.298867,2236.253912,2221.949423,3.130729115,1272264509,1.01799E+11,1
2230.118028,2237.454748,2221.949423,3.278937287,1273199916,1.018E+11,1
2231.077179,2237.454748,2224.572298,2.861754666,1274294674,1.01979E+11,1
2230.88182,2236.967153,2224.572298,2.728674968,1274071332,1.01912E+11,1
2231.090989,2236.645621,2224.724795,2.687254857,1274310201,1.0195E+11,1
2231.3665,2238.297155,2225.18875,2.70629372,1274624968,1.01949E+11,1
2231.401918,2238.782704,2224.084524,2.896451594,1274665704,1.01961E+11,1
2232.324044,2238.831977,2224.084524,3.116621614,1275719770,1.02062E+11,1
2233.045359,2240.002121,2224.667678,3.319701063,1276544665,1.02111E+11,1
2231.526814,2242.720635,2217.134899,4.610287444,1274811693,1.0198E+11,1
2217.12978,2242.720635,2196.426211,14.35578346,1258462861,1.00748E+11,1
2202.757747,2230.423709,2196.426211,5.264229587,1242155367,99317129235,1
2201.28611,2205.35135,2196.186137,1.841369947,1240489966,99223209068,1
2201.206706,2205.312639,2196.186137,2.031343701,1240400663,99250068851,1
2201.691574,2206.846938,2196.140189,2.049898188,1240947198,99294527283,1
2201.461683,2207.401476,2193.001234,2.885206136,1240689118,99187586566,1
2201.821198,2207.438522,2193.001234,3.105744149,1241094715,99334480394,1
2203.470696,2209.075289,2195.873569,2.231415617,1242953750,99433439539,1
2203.491692,2212.774784,2191.875208,4.322156991,1242980946,99590087587,1
2191.427387,2212.774784,2173.812765,12.54414077,1229442905,98299743482,1
2187.686992,2209.152488,2171.752629,10.75597545,1225239057,97639024006,1
2199.709695,2209.482876,2171.752629,8.296038436,1238730641,99298917762,1
2204.692206,2212.28788,2195.550636,3.059188234,1244333333,99559918556,1
2206.4799,2215.681802,2198.077596,3.462153136,1246352777,99701674057,1
2207.433827,2215.681802,2198.058966,3.342990365,1247430470,99803244254,1
2207.863238,2214.382799,2198.058966,3.176819222,1247915564,99836263531,1
2209.720943,2220.452129,2200.7621,3.449606179,1250016908,1.00022E+11,1
2218.696322,2263.878444,2198.423411,13.87836829,1260238331,1.00318E+11,1
2258.073044,2381.257787,2198.423411,53.05626744,1306037463,1.02967E+11,1
2291.725078,2381.257787,2203.739111,47.74633422,1345096587,1.10711E+11,1
2339.911312,2544.27872,2219.403047,91.2825415,1403780467,1.07066E+11,1
2436.785325,2653.899325,2223.315227,103.4507914,1522847946,1.25367E+11,1
2456.089435,2653.899325,2407.864455,59.4008039,1545191365,1.23045E+11,1
2423.00004,2433.809217,2409.838125,4.988550416,1502964245,1.20381E+11,1
2419.944751,2433.809217,2409.838125,4.059861924,1499174164,1.19865E+11,1
2417.542819,2425.32372,2408.265011,3.634134775,1496198781,1.19679E+11,1
2417.354908,2426.168027,2408.265011,4.148177946,1495967222,1.19725E+11,1
2416.639407,2426.168027,2408.731034,4.16587302,1495081825,1.19571E+11,1
2415.334885,2424.146855,2408.189878,3.738465477,1493467286,1.1949E+11,1
2415.036515,2424.452877,2406.767624,4.233915882,1493099340,1.19408E+11,1
2411.275529,2424.452877,2398.68569,5.454251411,1488455533,1.19156E+11,1
2406.678984,2422.191372,2396.342919,4.174054147,1482783016,1.18565E+11,1
2405.239932,2412.688877,2396.342919,3.566162575,1481009113,1.1844E+11,1
2404.105284,2416.767152,2391.804255,4.994571176,1479615273,1.1856E+11,1
2399.565276,2416.767152,2389.021975,5.811689278,1474034506,1.17675E+11,1
2404.918685,2462.451979,2386.63595,15.08158136,1480668502,1.18304E+11,1
2419.95106,2462.451979,2386.63595,13.99387342,1499227894,1.20058E+11,1
2427.924281,2438.7192,2417.483386,3.990332185,1509077053,1.20739E+11,1
2429.118888,2436.089766,2421.57049,2.987868373,1510560640,1.2084E+11,1
2428.429229,2436.089766,2421.57049,3.622814275,1509704101,1.20806E+11,1
2428.944449,2436.720914,2421.936539,3.501267608,1510344550,1.20814E+11,1
2429.18854,2437.392041,2419.821886,3.676372764,1510648442,1.20858E+11,1
2428.722101,2437.392041,2419.588833,3.900065551,1510068801,1.20747E+11,1
2428.215637,2436.919965,2419.40382,3.799335137,1509438877,1.20794E+11,1
2428.400424,2440.01778,2419.40382,4.21175914,1509669467,1.20814E+11,1
2428.394561,2440.01778,2419.444944,4.182705717,1509662116,1.20773E+11,1
2428.976551,2437.989672,2421.093585,3.550301934,1510384560,1.20776E+11,1
2430.915708,2439.824356,2424.978678,3.58156277,1512797186,1.21023E+11,1
2432.248161,2440.310836,2424.870994,4.073743928,1514457015,1.21182E+11,1
2433.497086,2443.007761,2424.870994,4.192824148,1516012966,1.21289E+11,1
2435.839914,2444.277469,2425.815546,4.258517317,1518933561,1.21547E+11,1
2438.346832,2447.072827,2431.052156,3.586649382,1522060323,1.21701E+11,1
2438.479214,2447.072827,2427.769769,4.262594258,1522226955,1.21826E+11,1
2438.47778,2446.587946,2427.769769,4.312708322,1522225276,1.21772E+11,1
2438.698137,2446.043524,2430.255325,3.879630554,1522499495,1.21809E+11,1
2438.546894,2447.851865,2430.255325,4.066130915,1522311037,1.21771E+11,1
2439.958945,2448.654582,2430.671809,3.756020613,1524073923,1.21919E+11,1
2441.243491,2449.007425,2432.983147,3.458197661,1525678526,1.22102E+11,1
2441.909897,2454.417134,2432.983147,4.19930099,1526513044,1.22107E+11,1
2408.028152,2457.408791,2302.501618,54.40114085,1485199121,1.21249E+11,1
2339.962247,2457.408791,2298.695928,53.83374348,1402450276,1.09879E+11,1
2303.96666,2313.073996,2295.183008,3.556606418,1358918405,1.08693E+11,1
2300.504104,2307.801796,2293.928765,2.48626207,1354835281,1.08385E+11,1
2298.500685,2303.298169,2293.267191,2.124539075,1352476137,1.08221E+11,1
2295.849891,2301.999171,2289.233238,2.588648685,1349358956,1.07924E+11,1
2293.712138,2299.041781,2288.636998,2.182277009,1346846755,1.07764E+11,1
2299.821194,2352.377061,2288.636998,13.42665375,1354075596,1.07842E+11,1
2308.200899,2352.377061,2291.135696,11.90343467,1363950869,1.09621E+11,1
2308.041875,2316.624071,2299.993693,3.02751864,1363729014,1.09045E+11,1
